Year,Collocate,MI Score,Context,File,Directory
1749,which,3.44,"Opinion:""Bur among the Facts which he colleds",rstl_1749_0074.txt,txt_rstl
1751,these,5.15,"nions, These are facts confider'd in themselves",rstl_1751_0066.txt,txt_rstl
1751,these,5.15,on reading these facts : but my,rstl_1751_0013.txt,txt_rstl
1751,these,5.15,"evaporation. These two facts plainly shew, how",rstl_1751_0013.txt,txt_rstl
1755,these,5.02,"former, From these facts it is easy",rstl_1755_0043.txt,txt_rstl
1755,these,5.02,These were the facts strongly attested by,rstl_1755_0012.txt,txt_rstl
1775,these,5.38,"of all these facts is, to explode-the",rstl_1775_0013.txt,txt_rstl
1775,which,3.03,VIew of the facts which I have,rstl_1775_0033.txt,txt_rstl
1786,these,5.22,straw-coloured (ilk. ©. Facts similar to these,rstl_1786_0016.txt,txt_rstl
1787,these,5.22,"as these combined facts may appear, A",rstl_1787_0017.txt,txt_rstl
1789,are,3.21,aQtuat and particular facts are brought to,rstl_1789_0021.txt,txt_rstl
1791,have,3.13,; and that facts have al! along,rstl_1791_0006.txt,txt_rstl
1792,have,3.12,therefore examine what facts we have to,rstl_1792_0002.txt,txt_rstl
1792,have,3.12,day: and the facts and appearances have,rstl_1792_0015.txt,txt_rstl
1792,these,5.01,of any new facts relative to these,rstl_1792_0007.txt,txt_rstl
1792,these,5.01,"from all these facts reasonable to suppose,",rstl_1792_0011.txt,txt_rstl
1792,these,5.01,derived from these facts and 268 Dr.,rstl_1792_0016.txt,txt_rstl
1792,these,5.01,discovery of these facts established this elastic,rstl_1792_0019.txt,txt_rstl
1792,these,5.01,"first. These contradictory facts may, I apprehend,",rstl_1792_0026.txt,txt_rstl
1794,these,4.67,which demonstrate these facts will be laid,rstl_1794_0005.txt,txt_rstl
1794,these,4.67,breathe in. These facts will appear still,rstl_1794_0022.txt,txt_rstl
1794,these,4.67,carnivorous. From these facts | we $should,rstl_1794_0027.txt,txt_rstl
1794,some,4.14,7 II. Some Facts relative to the,rstl_1794_0005.txt,txt_rstl
1795,these,4.52,Having supported these facts by the evidence,rstl_1795_0002.txt,txt_rstl
1795,other,3.4,relations to other facts formerly known. TI,rstl_1795_0014.txt,txt_rstl
1795,have,3.27,render the simple facts I have here,rstl_1795_0013.txt,txt_rstl
1795,have,3.27,consider the following facts to have been,rstl_1795_0002.txt,txt_rstl
1796,have,3.02,since all the facts I have been,rstl_1796_0001.txt,txt_rstl
1796,these,4.53,"When all these facts are considered, it",rstl_1796_0014.txt,txt_rstl
1796,some,4.12,ad- duce some facts in favour of,rstl_1796_0001.txt,txt_rstl
1797,new,5.42,accession of new facts to our present,rstl_1797_0009.txt,txt_rstl
1797,these,4.67,"gas, both these facts were sufficiently apparent",rstl_1797_0020.txt,txt_rstl
1797,these,4.67,are black. These facts seem sufficient to,rstl_1797_0021.txt,txt_rstl
1797,these,4.67,"composed. To these facts we may add,",rstl_1797_0009.txt,txt_rstl
1797,some,4.03,some of those facts relating to it,rstl_1797_0013.txt,txt_rstl
1797,some,4.03,"though some important facts are clearly ascertained,",rstl_1797_0009.txt,txt_rstl
1797,these,4.67,conse- quence. These facts militate strongly against,rstl_1797_0009.txt,txt_rstl
1797,these,4.67,in reconciling these facts to impregnation by,rstl_1797_0009.txt,txt_rstl
1798,new,5.19,"these, several new facts respecting it in",rstl_1798_0013.txt,txt_rstl
1798,have,3.36,the number of facts which have been,rstl_1798_0014.txt,txt_rstl
1798,have,3.36,of all the facts I have collected;,rstl_1798_0010.txt,txt_rstl
1798,have,3.36,well explain the facts which I have,rstl_1798_0007.txt,txt_rstl
1798,have,3.36,"a number of facts I have collected,",rstl_1798_0004.txt,txt_rstl
1799,have,3.12,have collected such facts as were likely,rstl_1799_0006.txt,txt_rstl
1799,some,3.8,"as some remarkable facts were ascertained, I",rstl_1799_0019.txt,txt_rstl
1800,these,4.63,inflamed powder. These facts certainly render it,rstl_1800_0012.txt,txt_rstl
1800,these,4.63,when such strong facts as these are,rstl_1800_0017.txt,txt_rstl
1801,these,4.53,of mercury. These facts induced me to,rstl_1801_0022.txt,txt_rstl
1801,some,3.49,"and, as some facts have come under",rstl_1801_0017.txt,txt_rstl
1801,have,3.04,"and, as some facts have come under",rstl_1801_0017.txt,txt_rstl
1801,have,3.04,"Banks, the following facts have been ascertained.",rstl_1801_0016.txt,txt_rstl
1802,new,5.28,that several new facts are 4.8 Dr.,rstl_1802_0004.txt,txt_rstl
1802,some,3.2,"to state some facts and observations, in",rstl_1802_0001.txt,txt_rstl
1802,some,3.2,some very interesting facts on this. =,rstl_1802_0011.txt,txt_rstl
1803,these,4.68,"the wound. These facts incontestibly prove, that",rstl_1803_0011.txt,txt_rstl
1803,these,4.68,from ascertaining these facts by experiment ;,rstl_1803_0005.txt,txt_rstl
1803,have,3.0,have adopted. The facts which I have,rstl_1803_0012.txt,txt_rstl
1803,have,3.0,From the different facts that have been,rstl_1803_0010.txt,txt_rstl
1803,have,3.0,of the different facts that have been,rstl_1803_0010.txt,txt_rstl
1803,have,3.0,"and instruc- tive facts have been discovered,",rstl_1803_0005.txt,txt_rstl
1804,many,4.94,many in- teresting facts that came under,rstl_1804_0006.txt,txt_rstl
1804,many,4.94,"yet undiscovered. Many facts indicate, that time",rstl_1804_0017.txt,txt_rstl
1804,many,4.94,"sight. Many other facts might be added,",rstl_1804_0006.txt,txt_rstl
1804,appear,4.61,statement of the facts which appear to,rstl_1804_0001.txt,txt_rstl
1804,these,4.72,"preceding instances. These facts appear to prove,",rstl_1804_0010.txt,txt_rstl
1804,appear,4.61,"preceding instances. These facts appear to prove,",rstl_1804_0010.txt,txt_rstl
1804,other,3.14,"sight. Many other facts might be added,",rstl_1804_0006.txt,txt_rstl
1804,these,4.72,parate them. These facts are in: absolute,rstl_1804_0013.txt,txt_rstl
1805,many,4.64,There are many facts of this kind,rstl_1805_0014.txt,txt_rstl
1805,have,3.2,"suspect, from the facts which have been",rstl_1805_0023.txt,txt_rstl
1805,many,4.64,"acid. , Many facts appear more or",rstl_1805_0023.txt,txt_rstl
1805,have,3.2,have observed the.;same facts and similar appearances-in,rstl_1805_0010.txt,txt_rstl
1805,have,3.2,have offered some facts to prove that,rstl_1805_0006.txt,txt_rstl
1805,some,3.1,have offered some facts to prove that,rstl_1805_0006.txt,txt_rstl
1805,some,3.1,to explain some facts and establish some,rstl_1805_0005.txt,txt_rstl
1805,many,4.64,possession of many facts to prove-that seedling,rstl_1805_0006.txt,txt_rstl
1806,these,4.74,but upon these facts they reason differently.,rstl_1806_0004.txt,txt_rstl
1806,have,3.27,curious and useful facts which would have,rstl_1806_0022.txt,txt_rstl
1806,these,4.74,prostate gland. These facts are mentioned in,rstl_1806_0009.txt,txt_rstl
1806,these,4.74,"When therefore, these facts are added to",rstl_1806_0007.txt,txt_rstl
1806,these,4.74,own size. These facts prove that the,rstl_1806_0015.txt,txt_rstl
1806,have,3.27,"performed, whilst the facts which have been",rstl_1806_0007.txt,txt_rstl
1806,have,3.27,supported by the facts which have been,rstl_1806_0005.txt,txt_rstl
1806,have,3.27,disease. From the facts which have been,rstl_1806_0021.txt,txt_rstl
1806,have,3.27,various arguments and facts which have been,rstl_1806_0007.txt,txt_rstl
1807,other,3.18,; but other facts may be adduced,rstl_1807_0006.txt,txt_rstl
1807,new,5.04,but the new facts immediately proved that,rstl_1807_0001.txt,txt_rstl
1807,these,4.65,the alburnum. These facts are therefore extremely,rstl_1807_0006.txt,txt_rstl
1807,these,4.65,produces tallow. These facts may be afterwards,rstl_1807_0005.txt,txt_rstl
1807,these,4.65,middle yessel. These facts seem fully to,rstl_1807_0001.txt,txt_rstl
1807,other,3.18,chemical alteration. Other facts likewise s0on occurred,rstl_1807_0001.txt,txt_rstl
1807,number,4.35,a number of facts that have been,rstl_1807_0010.txt,txt_rstl
1807,all,3.14,; all the facts prove that the,rstl_1807_0001.txt,txt_rstl
1807,all,3.14,"removed, all the facts on the subject",rstl_1807_0001.txt,txt_rstl
1807,have,3.09,a number of facts that have been,rstl_1807_0010.txt,txt_rstl
1807,have,3.09,and to many facts which have been,rstl_1807_0001.txt,txt_rstl
1807,have,3.09,expression of the facts that have been,rstl_1807_0001.txt,txt_rstl
1807,other,3.18,"the other analogous facts in this page,",rstl_1807_0001.txt,txt_rstl
1808,new,5.18,stated various new facts obtained in consequence,rstl_1808_0023.txt,txt_rstl
1808,these,4.81,"deration of these facts are, That the",rstl_1808_0015.txt,txt_rstl
1808,these,4.81,and kanguroo. These facts throw considerable light,rstl_1808_0020.txt,txt_rstl
1808,these,4.81,"phosphate. From these facts therefore, it cannot",rstl_1808_0016.txt,txt_rstl
1808,some,3.41,should find some facts that would throw,rstl_1808_0015.txt,txt_rstl
1808,new,5.18,chemists. All new facts must be accompanied,rstl_1808_0001.txt,txt_rstl
1808,new,5.18,concealed any new facts from the scientific,rstl_1808_0023.txt,txt_rstl
1808,these,4.81,that in these facts there is the,rstl_1808_0001.txt,txt_rstl
1808,these,4.81,"to apply these facts to support, or",rstl_1808_0015.txt,txt_rstl
1808,have,3.19,compared with other facts that have been,rstl_1808_0023.txt,txt_rstl
1808,have,3.19,"subject, still the facts that have been",rstl_1808_0023.txt,txt_rstl
1808,other,3.06,compared with other facts that have been,rstl_1808_0023.txt,txt_rstl
1808,other,3.06,confirms the other facts of the strength,rstl_1808_0001.txt,txt_rstl
1808,have,3.19,"Brop1s, the following facts have been ascertained.",rstl_1808_0003.txt,txt_rstl
1808,have,3.19,"Paper, the following facts appear to have",rstl_1808_0012.txt,txt_rstl
1808,have,3.19,to have its facts faith- fully recorded,rstl_1808_0015.txt,txt_rstl
1808,have,3.19,inconsistent with the facts that I have,rstl_1808_0021.txt,txt_rstl
1808,have,3.19,"which the different facts have been. ascertained,",rstl_1808_0003.txt,txt_rstl
1809,these,4.91,occasions? If these facts and observations appear,rstl_1809_0024.txt,txt_rstl
1809,these,4.91,98. + These facts and the other,rstl_1809_0005.txt,txt_rstl
1809,have,3.11,"account of the facts I have ascertained,",rstl_1809_0007.txt,txt_rstl
1810,these,4.97,"Perhaps, if these facts had been observed",rstl_1810_0018.txt,txt_rstl
1810,these,4.97,"arguments and his facts upon these points,",rstl_1810_0004.txt,txt_rstl
1810,which,3.12,"the negative surface, facts which are certainly",rstl_1810_0016.txt,txt_rstl
1810,which,3.12,the series of facts which has been,rstl_1810_0014.txt,txt_rstl
1810,have,3.1,the most singular facts that I have,rstl_1810_0016.txt,txt_rstl
1811,these,5.0,"remains sound. These facts are generally, but",rstl_1811_0021.txt,txt_rstl
1811,these,5.0,to these singular facts has been the,rstl_1811_0014.txt,txt_rstl
1811,new,4.94,; the new facts that water consists,rstl_1811_0001.txt,txt_rstl
1811,have,3.24,I believe the facts I have stated,rstl_1811_0013.txt,txt_rstl
1811,which,3.15,some of the facts upon which this,rstl_1811_0013.txt,txt_rstl
1811,which,3.15,adducing a few facts only which are,rstl_1811_0013.txt,txt_rstl
1812,have,3.4,fluoric Acid. The facts which have already,rstl_1812_0020.txt,txt_rstl
1812,some,3.72,some of the facts furnished by the,rstl_1812_0006.txt,txt_rstl
1812,these,5.07,"and face, These facts seem to .",rstl_1812_0013.txt,txt_rstl
1812,which,3.2,fluoric acid. gas. Facts which appear to,rstl_1812_0020.txt,txt_rstl
1812,have,3.4,us. VIE. The facts which have been,rstl_1812_0013.txt,txt_rstl
1812,which,3.2,fluoric Acid. The facts which have already,rstl_1812_0020.txt,txt_rstl
1812,which,3.2,us. VIE. The facts which have been,rstl_1812_0013.txt,txt_rstl
1812,have,3.4,are the principal facts I have to,rstl_1812_0020.txt,txt_rstl
1813,these,4.91,Dick PETERSON. These facts make it necessary,rstl_1813_0021.txt,txt_rstl
1813,many,5.51,"Nx1ecnoLsov's.Journal, many curious facts on this extraordinary",rstl_1813_0026.txt,txt_rstl
1813,many,5.51,"am writing, many facts are wanting to",rstl_1813_0025.txt,txt_rstl
1813,new,4.98,"Society, a few facts respecting a new",rstl_1813_0031.txt,txt_rstl
1813,have,3.36,"attention, the different facts that have been",rstl_1813_0034.txt,txt_rstl
1813,have,3.36,bring forward the facts I have been,rstl_1813_0024.txt,txt_rstl
1813,which,3.05,and have observed facts which appear to,rstl_1813_0009.txt,txt_rstl
1813,have,3.36,and have observed facts which appear to,rstl_1813_0009.txt,txt_rstl
1814,have,3.23,with the few facts that have been,rstl_1814_0017.txt,txt_rstl
1814,new,5.31,by the new facts ascertained with respect,rstl_1814_0028.txt,txt_rstl
1814,new,5.31,"but no new facts were ascertained, nor",rstl_1814_0005.txt,txt_rstl
1814,many,5.15,"action, has many facts in its support,",rstl_1814_0033.txt,txt_rstl
1814,these,4.86,to restate these facts in order' to,rstl_1814_0027.txt,txt_rstl
1814,these,4.86,"sensibly altered. These facts admit, to a",rstl_1814_0012.txt,txt_rstl
1814,these,4.86,"by which these facts are best explained,",rstl_1814_0001.txt,txt_rstl
1814,have,3.23,There are some facts which T have,rstl_1814_0033.txt,txt_rstl
1814,have,3.23,the body. The facts which have led,rstl_1814_0031.txt,txt_rstl
1814,have,3.23,the cerebellum. The facts which have been,rstl_1814_0024.txt,txt_rstl
1814,have,3.23,optical properties. The facts which have been,rstl_1814_0020.txt,txt_rstl
1814,have,3.23,From all the facts that have been,rstl_1814_0007.txt,txt_rstl
1814,which,3.04,There are some facts which T have,rstl_1814_0033.txt,txt_rstl
1814,which,3.04,the body. The facts which have led,rstl_1814_0031.txt,txt_rstl
1814,which,3.04,the cerebellum. The facts which have been,rstl_1814_0024.txt,txt_rstl
1814,which,3.04,optical properties. The facts which have been,rstl_1814_0020.txt,txt_rstl
1814,which,3.04,and to the facts which may be,rstl_1814_0017.txt,txt_rstl
1814,which,3.04,"year 180g, some facts were stated which",rstl_1814_0009.txt,txt_rstl
1814,which,3.04,and all the facts which have been,rstl_1814_0009.txt,txt_rstl
1814,which,3.04,in ad- ducing facts which throw further,rstl_1814_0005.txt,txt_rstl
1814,which,3.04,"by which these facts are best explained,",rstl_1814_0001.txt,txt_rstl
1814,have,3.23,and all the facts which have been,rstl_1814_0009.txt,txt_rstl
1815,these,4.89,"this system. These facts being ascertained, the",rstl_1815_0025.txt,txt_rstl
1815,curious,7.58,with several curious facts relative to the,rstl_1815_0019.txt,txt_rstl
1815,new,5.33,all the new facts confirm an opinion,rstl_1815_0014.txt,txt_rstl
1815,these,4.89,"detail of these facts and observations, I",rstl_1815_0012.txt,txt_rstl
1815,which,3.06,all of which facts seemed not a,rstl_1815_0011.txt,txt_rstl
1815,have,3.17,of other analogous facts ; and have,rstl_1815_0019.txt,txt_rstl
1815,have,3.17,appears from the facts that have been,rstl_1815_0009.txt,txt_rstl
1815,these,4.89,explanation of these facts cannot surely be,rstl_1815_0007.txt,txt_rstl
1815,some,4.34,"by ascertaining some facts of great importance,",rstl_1815_0025.txt,txt_rstl
1816,have,3.16,the ilium. The facts which I have,rstl_1816_0014.txt,txt_rstl
1816,which,3.17,pos- s8ession of facts which prove them,rstl_1816_0019.txt,txt_rstl
1816,which,3.17,the ilium. The facts which I have,rstl_1816_0014.txt,txt_rstl
1816,which,3.17,"refrac- tion, are facts which render it",rstl_1816_0011.txt,txt_rstl
1817,these,4.96,way. From these facts there can no,rstl_1817_0028.txt,txt_rstl
1817,have,3.39,with the other facts I have described,rstl_1817_0009.txt,txt_rstl
1817,these,4.96,connection of these facts res- pecting slow,rstl_1817_0009.txt,txt_rstl
1817,these,4.96,"than these simple facts and observations, that",rstl_1817_0008.txt,txt_rstl
1817,these,4.96,into inflammation. These facts likewise explain the,rstl_1817_0008.txt,txt_rstl
1817,some,4.27,by some striking facts which have occurred,rstl_1817_0015.txt,txt_rstl
1817,have,3.39,by some striking facts which have occurred,rstl_1817_0015.txt,txt_rstl
1817,these,4.96,or not. These facts explain the error,rstl_1817_0019.txt,txt_rstl
1818,respecting,7.35,] I. Additional facts respecting the fossil,rstl_1818_0005.txt,txt_rstl
1818,many,5.76,that many new facts would present themselves,rstl_1818_0015.txt,txt_rstl
1818,new,5.64,that many new facts would present themselves,rstl_1818_0015.txt,txt_rstl
1818,these,4.86,Having brought these facts in proof of,rstl_1818_0014.txt,txt_rstl
1818,these,4.86,be obvious. These facts which Mr. Bautr,rstl_1818_0013.txt,txt_rstl
1819,many,5.6,added many useful facts to this part,rstl_1819_0014.txt,txt_rstl
1819,these,4.8,socket joints. These facts made it evident,rstl_1819_0016.txt,txt_rstl
1819,these,4.8,law. These various facts having an obvious-and,rstl_1819_0014.txt,txt_rstl
1819,these,4.8,which put these facts upon record. That,rstl_1819_0006.txt,txt_rstl
1819,some,3.81,some of the facts in question may,rstl_1819_0014.txt,txt_rstl
1819,have,3.39,to bring the facts which I have,rstl_1819_0002.txt,txt_rstl
1819,these,4.8,that station.* These facts appear sufficient to,rstl_1819_0024.txt,txt_rstl
1820,many,5.58,80 many important facts connected with the,rstl_1820_0012.txt,txt_rstl
1820,curious,7.76,observed several curious facts which 1 thought,rstl_1820_0020.txt,txt_rstl
1820,have,3.42,on which the facts that have been,rstl_1820_0012.txt,txt_rstl
1821,have,3.52,"organ, the following facts have been ascertained",rstl_1821_0006.txt,txt_rstl
1821,have,3.52,carbonic acid. The facts which have been,rstl_1821_0014.txt,txt_rstl
1821,some,4.04,"had observed some facts of nearly equalinterest,",rstl_1821_0004.txt,txt_rstl
1821,these,4.81,evident from these facts that the a&riform,rstl_1821_0014.txt,txt_rstl
1821,these,4.81,sician must these facts be important ;,rstl_1821_0029.txt,txt_rstl
1821,following,5.09,"organ, the following facts have been ascertained",rstl_1821_0006.txt,txt_rstl
1821,many,5.35,There are many facts recorded in the,rstl_1821_0003.txt,txt_rstl
1821,new,5.79,on the new facts dis- covered by,rstl_1821_0030.txt,txt_rstl
1821,these,4.81,placid From these facts we are entitled,rstl_1821_0029.txt,txt_rstl
1822,some,4.13,some very interesting facts to be observed,rstl_1822_0021.txt,txt_rstl
1822,following,4.9,Society the following facts re- specting the,rstl_1822_0019.txt,txt_rstl
1822,i,3.03,are the principal facts I observed in,rstl_1822_0017.txt,txt_rstl
1822,i,3.03,"from it. The facts I have collected,",rstl_1822_0017.txt,txt_rstl
1822,have,3.44,the detail of facts we have been,rstl_1822_0017.txt,txt_rstl
1822,have,3.44,"from it. The facts I have collected,",rstl_1822_0017.txt,txt_rstl
1823,these,4.85,"of sensibility. These facts are so strong,",rstl_1823_0023.txt,txt_rstl
1823,new,5.68,"ensured by new facts and experiments, which",rstl_1823_0015.txt,txt_rstl
1823,new,5.68,"offer any new facts respecting these worms,",rstl_1823_0001.txt,txt_rstl
1823,these,4.85,"these observations, the facts that might be",rstl_1823_0026.txt,txt_rstl
1823,these,4.85,"offer any new facts respecting these worms,",rstl_1823_0001.txt,txt_rstl
1823,these,4.85,that these general facts of the condensation,rstl_1823_0020.txt,txt_rstl
1823,following,4.74,as the following facts seem to prove.,rstl_1823_0015.txt,txt_rstl
1823,some,4.16,importance of the facts may give some,rstl_1823_0023.txt,txt_rstl
1823,have,3.35,: but the facts we have seen,rstl_1823_0008.txt,txt_rstl
1823,these,4.85,"of these two facts ; first, that",rstl_1823_0023.txt,txt_rstl
1824,these,4.79,carbonic oxide. These facts show that at,rstl_1824_0018.txt,txt_rstl
1824,these,4.79,rapid - combustion.* Facts analogous to these,rstl_1824_0018.txt,txt_rstl
1824,these,4.79,"Comparing these naked facts together, the first",rstl_1824_0028.txt,txt_rstl
1824,some,3.88,con- some curious facts respecting the walrus,rstl_1824_0014.txt,txt_rstl
1824,many,5.28,experiments. Many singular facts have occurred in,rstl_1824_0015.txt,txt_rstl
1824,some,3.88,"ascertaining some other facts respecting steel, which",rstl_1824_0021.txt,txt_rstl
1824,many,5.28,"aware how many facts commonly remain disregarded,",rstl_1824_0013.txt,txt_rstl
1824,some,3.88,XI. Some curious facts respecting the Walrus,rstl_1824_0014.txt,txt_rstl
1824,have,3.46,tallic appearance. The facts I have observed,rstl_1824_0011.txt,txt_rstl
1824,some,3.88,238. Some curious facts respecting the walrus,rstl_1824_0014.txt,txt_rstl
1824,have,3.46,hot. From the facts which have been,rstl_1824_0018.txt,txt_rstl
1824,have,3.46,by examining the facts that have been,rstl_1824_0018.txt,txt_rstl
1824,have,3.46,process. From the facts which have been,rstl_1824_0018.txt,txt_rstl
1824,have,3.46,have ascertained many facts which I think,rstl_1824_0009.txt,txt_rstl
1824,have,3.46,experiments. Many singular facts have occurred in,rstl_1824_0015.txt,txt_rstl
1824,some,3.88,shown. Some curious facts respecting the walrus,rstl_1824_0014.txt,txt_rstl
1824,many,5.28,have ascertained many facts which I think,rstl_1824_0009.txt,txt_rstl
1825,have,3.29,ceased. Many analogous facts have been observed,rstl_1825_0007.txt,txt_rstl
1825,all,3.33,together all the facts which I have,rstl_1825_0018.txt,txt_rstl
1825,have,3.29,together all the facts which I have,rstl_1825_0018.txt,txt_rstl
1825,all,3.33,all the principal: facts resulting from a,rstl_1825_0015.txt,txt_rstl
1825,these,4.78,"singular preparations, These facts will be duly",rstl_1825_0015.txt,txt_rstl
1826,these,4.87,conditions. All these facts bear upon- the,rstl_1826_0031.txt,txt_rstl
1826,these,4.87,kingdom ? These facts offer an obvious,rstl_1826_0007.txt,txt_rstl
1826,these,4.87,Society these new facts respecting pearls at,rstl_1826_0028.txt,txt_rstl
1826,these,4.87,discharged. From these facts I have been,rstl_1826_0028.txt,txt_rstl
1826,these,4.87,to redness. These facts establish the peculiarity,rstl_1826_0015.txt,txt_rstl
1826,have,3.24,successfulin SD ascertaining facts which have escaped,rstl_1826_0029.txt,txt_rstl
1826,these,4.87,interpretation of these facts and statements will,rstl_1826_0015.txt,txt_rstl
1826,have,3.24,"have idscovered novel facts and analogies, to",rstl_1826_0031.txt,txt_rstl
1826,have,3.24,discharged. From these facts I have been,rstl_1826_0028.txt,txt_rstl
1826,all,3.2,conditions. All these facts bear upon- the,rstl_1826_0031.txt,txt_rstl
1826,all,3.2,"while, all the facts connected with the",rstl_1826_0029.txt,txt_rstl
1826,have,3.24,merely propose stating facts that I have,rstl_1826_0034.txt,txt_rstl
1827,these,4.55,chromic acid. These facts being understood and,rstl_1827_0018.txt,txt_rstl
1827,stated,6.2,that all the facts I have stated,rstl_1827_0021.txt,txt_rstl
1827,stated,6.2,of iron. The facts stated in this,rstl_1827_0018.txt,txt_rstl
1827,these,4.55,- These general facts have been known,rstl_1827_0027.txt,txt_rstl
1827,have,3.19,- These general facts have been known,rstl_1827_0027.txt,txt_rstl
1827,have,3.19,that all the facts I have stated,rstl_1827_0021.txt,txt_rstl
1827,have,3.19,also tate the facts which I have,rstl_1827_0018.txt,txt_rstl
1827,these,4.55,important ingredient. These facts strikingly coincide with,rstl_1827_0015.txt,txt_rstl
1827,these,4.55,chromium. ' These facts seemed to show,rstl_1827_0018.txt,txt_rstl
1828,these,4.68,horizon ; these facts indicated the great,rstl_1828_0015.txt,txt_rstl
1829,these,4.61,these classes of facts the following conclusions,rstl_1829_0020.txt,txt_rstl
1829,stated,5.9,agrees with the facts stated in our,rstl_1829_0025.txt,txt_rstl
1829,many,4.74,appear from many facts I am about,rstl_1829_0024.txt,txt_rstl
1829,these,4.61,"the countenance. These facts are 80 distinct,",rstl_1829_0029.txt,txt_rstl
1829,these,4.61,'cheek*. ? These facts close the evidence,rstl_1829_0029.txt,txt_rstl
1829,these,4.61,in which these facts were determined. 'The,rstl_1829_0014.txt,txt_rstl
1830,these,4.63,"I mention these facts in some detail,",rstl_1830_0027.txt,txt_rstl
1830,these,4.63,"to which these facts would otherwise lead,",rstl_1830_0021.txt,txt_rstl
1830,these,4.63,the correction. These facts have been established,rstl_1830_0015.txt,txt_rstl
1831,all,3.03,that all the facts with which we,rstl_1831_0007.txt,txt_rstl
1832,all,3.02,nearly all the facts of magneto-electric induction.,rstl_1832_0007.txt,txt_rstl
1832,these,4.45,"life. By these facts it appears; 1st,",rstl_1832_0015.txt,txt_rstl
1832,these,4.45,of blood. These facts prove that arterial,rstl_1832_0016.txt,txt_rstl
1832,these,4.45,recoiled forcibly. These facts lead us to,rstl_1832_0015.txt,txt_rstl
1832,these,4.45,explanation of these facts is afforded by,rstl_1832_0017.txt,txt_rstl
1832,these,4.45,or injured. These facts I have observed,rstl_1832_0017.txt,txt_rstl
1832,these,4.45,principal of these facts is that of,rstl_1832_0016.txt,txt_rstl
1833,these,4.28,medulla oblongata. These facts are fully proved,rstl_1833_0028.txt,txt_rstl
1833,many,4.28,of many important facts in physiology. It,rstl_1833_0028.txt,txt_rstl
1833,many,4.28,; and many facts are incidentally related,rstl_1833_0016.txt,txt_rstl
1833,these,4.28,"already quoted, for facts illustrating these views",rstl_1833_0030.txt,txt_rstl
1833,these,4.28,a nerve. These facts demonstrate the strict,rstl_1833_0028.txt,txt_rstl
1833,many,4.28,Many of the facts which depend upon,rstl_1833_0028.txt,txt_rstl
1833,these,4.28,Reflecting on these facts and on those,rstl_1833_0004.txt,txt_rstl
1833,these,4.28,Having observed these facts in connexion with,rstl_1833_0028.txt,txt_rstl
1833,these,4.28,function. However these facts may have been,rstl_1833_0028.txt,txt_rstl
1833,these,4.28,knowledge of these facts may afford useful,rstl_1833_0016.txt,txt_rstl
1833,these,4.28,"of Theodozus. These facts distinctly show, that",rstl_1833_0032.txt,txt_rstl
1833,these,4.28,twenty-seven pounds. These facts will enable us,rstl_1833_0017.txt,txt_rstl
1833,these,4.28,2. But these facts only extend to,rstl_1833_0028.txt,txt_rstl
1834,these,4.23,*. All these facts seem to show,rstl_1834_0026.txt,txt_rstl
1834,many,4.41,Many very interesting facts might be mentioned,rstl_1834_0029.txt,txt_rstl
1834,many,4.41,influence. Many striking facts lead us to,rstl_1834_0016.txt,txt_rstl
1834,many,4.41,like. Many striking facts seem to warrant,rstl_1834_0016.txt,txt_rstl
1834,these,4.23,"developed. From these facts we may conclude,",rstl_1834_0021.txt,txt_rstl
1834,these,4.23,"821. All these facts combine into, I",rstl_1834_0008.txt,txt_rstl
1834,these,4.23,are the general facts of these remarkable,rstl_1834_0007.txt,txt_rstl
1834,these,4.23,attempt demonstrating these facts in the recent,rstl_1834_0023.txt,txt_rstl
1834,these,4.23,discovery of these facts MDCCCXXXIV. 3G 406,rstl_1834_0021.txt,txt_rstl
1835,these,4.29,"colour. From these facts we may conclude,",rstl_1835_0021.txt,txt_rstl
1835,these,4.29,"islands, where these facts were constantly before",rstl_1835_0019.txt,txt_rstl
1835,connected,5.78,will prove. The facts connected with the,rstl_1835_0023.txt,txt_rstl
1835,these,4.29,"inquiry. Still, these facts combined with observations",rstl_1835_0013.txt,txt_rstl
1835,these,4.29,experience of these facts from my habits,rstl_1835_0012.txt,txt_rstl
1835,these,4.29,of vapour. These facts fully establish the,rstl_1835_0012.txt,txt_rstl
1835,some,3.24,to state some facts bearing on the,rstl_1835_0002.txt,txt_rstl
1836,connected,5.8,to review such facts connected with this,rstl_1836_0022.txt,txt_rstl
1836,these,4.34,we connect these facts with that of,rstl_1836_0026.txt,txt_rstl
1836,these,4.34,B. 20. These facts are of great,rstl_1836_0022.txt,txt_rstl
1836,these,4.34,accordance with these facts a per- fectly,rstl_1836_0022.txt,txt_rstl
1836,these,4.34,When to these facts we add others,rstl_1836_0028.txt,txt_rstl
1836,some,3.37,required. Some striking facts respecting the local,rstl_1836_0018.txt,txt_rstl
1836,some,3.37,some lately ascertained facts that the secreted,rstl_1836_0020.txt,txt_rstl
1837,connected,5.82,These are interesting facts as connected with,rstl_1837_0019.txt,txt_rstl
1837,connected,5.82,with many other facts connected with the,rstl_1837_0019.txt,txt_rstl
1837,connected,5.82,ascertaining all the facts connected with the,rstl_1837_0019.txt,txt_rstl
1837,connected,5.82,of temperature. The facts connected with the,rstl_1837_0019.txt,txt_rstl
1837,connected,5.82,The many curious facts connected with the,rstl_1837_0019.txt,txt_rstl
1837,connected,5.82,reference to the facts connected with the,rstl_1837_0019.txt,txt_rstl
1837,these,4.46,OF INSECTS. These facts are suflicient to,rstl_1837_0019.txt,txt_rstl
1837,these,4.46,"great incidences. These facts prove, beyond a",rstl_1837_0017.txt,txt_rstl
1837,these,4.46,attending to these facts we acquire a,rstl_1837_0019.txt,txt_rstl
1837,these,4.46,insect. From these facts it is sufficiently,rstl_1837_0019.txt,txt_rstl
1837,these,4.46,these apparently contradictory facts arose only from,rstl_1837_0019.txt,txt_rstl
1837,these,4.46,eighteen hours. These facts were further illustrated,rstl_1837_0019.txt,txt_rstl
1837,some,3.67,to observe some facts regarding the illuminating,rstl_1837_0015.txt,txt_rstl
1837,these,4.46,eurrounding medium. These facts may be readily,rstl_1837_0019.txt,txt_rstl
1837,these,4.46,per minute. These facts therefore are in,rstl_1837_0019.txt,txt_rstl
1837,these,4.46,may demand. These facts will explain a,rstl_1837_0019.txt,txt_rstl
1837,these,4.46,of excitement. These facts readily account for,rstl_1837_0019.txt,txt_rstl
1837,these,4.46,knowledge of these facts may lead us,rstl_1837_0019.txt,txt_rstl
1837,these,4.46,These are interesting facts as connected with,rstl_1837_0019.txt,txt_rstl
1837,these,4.46,"respiration? With these facts in consideration, and",rstl_1837_0019.txt,txt_rstl
1837,these,4.46,to 91%. These facts distinctly prove that,rstl_1837_0019.txt,txt_rstl
1837,some,3.67,short time some facts came under my,rstl_1837_0022.txt,txt_rstl
1837,some,3.67,to relate some facts re- specting the,rstl_1837_0020.txt,txt_rstl
1837,some,3.67,add some new facts which I hope,rstl_1837_0023.txt,txt_rstl
1837,these,4.46,less rapidity. These facts are shown in,rstl_1837_0019.txt,txt_rstl
1837,some,3.67,8upported by the facts that some insects,rstl_1837_0019.txt,txt_rstl
1837,some,3.67,some of the facts do appear to,rstl_1837_0016.txt,txt_rstl
1838,these,4.2,"same. With these facts before us, we",rstl_1838_0021.txt,txt_rstl
1838,some,3.47,There are some facts intimately connected with,rstl_1838_0019.txt,txt_rstl
1838,some,3.47,; but both facts (and some others),rstl_1838_0008.txt,txt_rstl
1839,these,4.24,13. Since these facts furnish some evidence,rstl_1839_0015.txt,txt_rstl
1839,recorded,8.19,but from the facts recorded in it—and,rstl_1839_0021.txt,txt_rstl
1839,recorded,8.19,sevyeral of the facts recorded in this,rstl_1839_0021.txt,txt_rstl
1839,recorded,8.19,few of the facts recorded in the,rstl_1839_0021.txt,txt_rstl
1839,these,4.24,These and similar facts deducible by experiment,rstl_1839_0015.txt,txt_rstl
1839,these,4.24,"I state these facts distinctly, because MaccuLLocn",rstl_1839_0005.txt,txt_rstl
1839,these,4.24,obvious. From these facts it is certain,rstl_1839_0005.txt,txt_rstl
1839,these,4.24,of nature. These facts are interesting under,rstl_1839_0005.txt,txt_rstl
1839,these,4.24,quietly subsiding. These facts to be explicable,rstl_1839_0005.txt,txt_rstl
1839,some,3.39,13. Since these facts furnish some evidence,rstl_1839_0015.txt,txt_rstl
1839,some,3.39,ac- urately the facts of some very,rstl_1839_0014.txt,txt_rstl
1839,these,4.24,little stream. These facts seem at first,rstl_1839_0005.txt,txt_rstl
1839,some,3.39,some very interesting facts on this subject.,rstl_1839_0021.txt,txt_rstl
1840,these,4.12,19. Should these facts be thought to,rstl_1840_0025.txt,txt_rstl
1840,these,4.12,cells.” But these facts strengthen the analogy,rstl_1840_0024.txt,txt_rstl
1840,these,4.12,6 Whether these facts have any connexion,rstl_1840_0002.txt,txt_rstl
1840,some,3.5,now to record facts which in some,rstl_1840_0025.txt,txt_rstl
1840,some,3.5,have some distinct facts on which to,rstl_1840_0020.txt,txt_rstl
1840,some,3.5,"worked out the facts to some extent,",rstl_1840_0004.txt,txt_rstl
1841,these,4.52,"these differences, however, facts mentioned by authors",rstl_1841_0017.txt,txt_rstl
1841,these,4.52,80 much these facts to which I,rstl_1841_0018.txt,txt_rstl
1841,these,4.52,62. 63. Such facts as these appear,rstl_1841_0018.txt,txt_rstl
1842,these,4.61,"till night. These facts are perfectly normal*,",rstl_1842_0015.txt,txt_rstl
1842,some,3.73,"palladium developes some facts of considerable interest,",rstl_1842_0016.txt,txt_rstl
1842,some,3.73,"Postscript, some additional facts illustrative of the",rstl_1842_0013.txt,txt_rstl
1843,these,4.69,14. c). These facts seem further to,rstl_1843_0013.txt,txt_rstl
1843,these,4.69,orifices. From these facts it would appear,rstl_1843_0013.txt,txt_rstl
1843,these,4.69,Myriapoda. These additional facts fully accord with,rstl_1843_0013.txt,txt_rstl
1844,these,4.76,were discontinued. These facts sufficiently show that,rstl_1844_0009.txt,txt_rstl
1844,these,4.76,"in Solution. These facts are well known,",rstl_1844_0002.txt,txt_rstl
1844,these,4.76,"attention. These are facts which, when the",rstl_1844_0007.txt,txt_rstl
1844,these,4.76,"the anion. These facts are, we believe,",rstl_1844_0001.txt,txt_rstl
1844,these,4.76,"reason, with these facts before us, to",rstl_1844_0003.txt,txt_rstl
1845,these,4.69,sum of these facts I am again,rstl_1845_0012.txt,txt_rstl
1845,these,4.69,whole of these facts I was led,rstl_1845_0013.txt,txt_rstl
1845,these,4.69,knowledge of these facts I have repeated,rstl_1845_0013.txt,txt_rstl
1845,these,4.69,in analysing these facts ; it is,rstl_1845_0013.txt,txt_rstl
1845,these,4.69,country. 3rdly. These facts place in rather,rstl_1845_0007.txt,txt_rstl
1846,these,4.65,application of these facts to the vocal,rstl_1846_0028.txt,txt_rstl
1846,these,4.65,These were the facts ; | I,rstl_1846_0027.txt,txt_rstl
1846,these,4.65,"But, before these facts were ascertained this",rstl_1846_0029.txt,txt_rstl
1846,these,4.65,inch. As the facts shown by these,rstl_1846_0020.txt,txt_rstl
1846,these,4.65,the neighbourhood. These facts were demonstrated by,rstl_1846_0017.txt,txt_rstl
1846,these,4.65,&. From these facts it appears that,rstl_1846_0012.txt,txt_rstl
1847,these,4.68,"organ, These same facts are verified also",rstl_1847_0014.txt,txt_rstl
1848,these,4.77,that substance. These facts led me to,rstl_1848_0010.txt,txt_rstl
1849,these,4.92,the tissue. These facts of course do,rstl_1849_0023.txt,txt_rstl
1849,these,4.92,"of Macropoma. These facts (if correctly interpreted,",rstl_1849_0023.txt,txt_rstl
1850,these,4.92,to test these facts by further experiments.,rstl_1850_0035.txt,txt_rstl
1850,these,4.92,being dissolved. These facts are contrary to,rstl_1850_0038.txt,txt_rstl
1850,these,4.92,is a consequence. Facts corresponding to these,rstl_1850_0038.txt,txt_rstl
1850,these,4.92,251. + These facts have been cited,rstl_1850_0038.txt,txt_rstl
1850,these,4.92,"made by these facts upon TatnaRD, who",rstl_1850_0038.txt,txt_rstl
1850,these,4.92,conception of these facts from the electro-,rstl_1850_0038.txt,txt_rstl
1850,these,4.92,explanation of these facts at once adequate,rstl_1850_0038.txt,txt_rstl
1850,these,4.92,"performed*. With these facts before us, we",rstl_1850_0037.txt,txt_rstl
1850,these,4.92,of May. These facts Dr. Butsr recorded,rstl_1850_0016.txt,txt_rstl
1850,these,4.92,"16'5, From these facts it is evident",rstl_1850_0036.txt,txt_rstl
1850,these,4.92,plates. From these facts I would infer,rstl_1850_0036.txt,txt_rstl
1850,these,4.92,bars. These interesting facts are of considerable,rstl_1850_0036.txt,txt_rstl
1850,these,4.92,optic lobes. These facts I think are,rstl_1850_0009.txt,txt_rstl
1850,these,4.92,heat: from these facts I considered myself,rstl_1850_0004.txt,txt_rstl
1850,these,4.92,"these facts, the facts themselves are the",rstl_1850_0038.txt,txt_rstl
1850,these,4.92,inches respectively. These facts suggest caution to,rstl_1850_0016.txt,txt_rstl
1851,these,4.81,the interior. These facts ap- peared to,rstl_1851_0011.txt,txt_rstl
1851,these,4.81,produced embryos. These facts proved that the,rstl_1851_0011.txt,txt_rstl
1851,these,4.81,had taken. These facts I bave since,rstl_1851_0017.txt,txt_rstl
1851,these,4.81,"been produced. These facts seemed to show,",rstl_1851_0011.txt,txt_rstl
1851,these,4.81,show from these facts that a non-production,rstl_1851_0011.txt,txt_rstl
1851,these,4.81,unpro- ductive. These facts lead us to,rstl_1851_0011.txt,txt_rstl
1851,these,4.81,area germinativa. These facts sufficiently prove the,rstl_1851_0011.txt,txt_rstl
1852,these,4.9,chamber. These indisputable facts establish conclusively the,rstl_1852_0024.txt,txt_rstl
1852,these,4.9,true-blood. From these facts the physiologist may,rstl_1852_0024.txt,txt_rstl
1852,these,4.9,considerable distance. The facts noticed by these,rstl_1852_0001.txt,txt_rstl
1852,these,4.9,inference from these facts following ; that,rstl_1852_0014.txt,txt_rstl
1852,have,3.08,"subject, because the facts I have ascertained",rstl_1852_0001.txt,txt_rstl
1853,these,4.94,substance. From these facts he calcu- lates,rstl_1853_0013.txt,txt_rstl
1853,these,4.94,the species. These facts are well shown,rstl_1853_0010.txt,txt_rstl
1853,these,4.94,in both. These facts seem to lead,rstl_1853_0010.txt,txt_rstl
1853,these,4.94,toinfer from these facts that the completion,rstl_1853_0010.txt,txt_rstl
1853,these,4.94,produced. S These facts then support the,rstl_1853_0010.txt,txt_rstl
1853,these,4.94,be fecundated. These facts deserve consideration in,rstl_1853_0010.txt,txt_rstl
1853,these,4.94,supplied. S These facts lead us to,rstl_1853_0010.txt,txt_rstl
1853,have,3.16,what value are facts until they have,rstl_1853_0002.txt,txt_rstl
1853,have,3.16,:—* From the facts which have just,rstl_1853_0002.txt,txt_rstl
1853,have,3.16,"Hexrrey$%, have noticed facts in regard to",rstl_1853_0010.txt,txt_rstl
1854,these,4.87,of phthisis. These facts possess the greatest,rstl_1854_0014.txt,txt_rstl
1854,have,3.24,respiration. From the facts which I have,rstl_1854_0014.txt,txt_rstl
1855,these,4.88,agent. Supposing these facts to have been,rstl_1855_0001.txt,txt_rstl
1855,these,4.88,its length. These facts will explain the,rstl_1855_0010.txt,txt_rstl
1855,these,4.88,these prove other facts also ; and,rstl_1855_0005.txt,txt_rstl
1855,have,3.25,agent. Supposing these facts to have been,rstl_1855_0001.txt,txt_rstl
1855,have,3.25,in which these facts have been explained.,rstl_1855_0001.txt,txt_rstl
1855,these,4.88,in which these facts have been explained.,rstl_1855_0001.txt,txt_rstl
1856,these,4.88,examinations of the facts already accumulated. These,rstl_1856_0020.txt,txt_rstl
1856,these,4.88,ON THE These facts appear to me,rstl_1856_0017.txt,txt_rstl
1856,these,4.88,kind. Among these facts were several that,rstl_1856_0012.txt,txt_rstl
1856,these,4.88,"Connecting all these facts together, it clearly",rstl_1856_0001.txt,txt_rstl
1856,have,3.09,"which inquiry, the facts which I have",rstl_1856_0027.txt,txt_rstl
1856,have,3.09,"explanation of the facts I have observed,",rstl_1856_0017.txt,txt_rstl
1857,these,4.78,I think these facts render it highly,rstl_1857_0009.txt,txt_rstl
1857,these,4.78,crush them. These facts show the great,rstl_1857_0039.txt,txt_rstl
1857,these,4.78,"first of these facts is, that a",rstl_1857_0010.txt,txt_rstl
1857,these,4.78,"deduce from these facts is, first, that",rstl_1857_0009.txt,txt_rstl
1857,these,4.78,leur formation.” These facts appear to be,rstl_1857_0016.txt,txt_rstl
1857,these,4.78,regard to these facts no difference of,rstl_1857_0004.txt,txt_rstl
1857,these,4.78,the quadrant (111...211). Facts presented by these,rstl_1857_0004.txt,txt_rstl
1858,these,4.85,very adhesive. These facts seem sufficient proof,rstl_1858_0031.txt,txt_rstl
1858,these,4.85,same family. These facts I now proceed,rstl_1858_0035.txt,txt_rstl
1858,these,4.85,parts. All these facts tend to the,rstl_1858_0029.txt,txt_rstl
1858,these,4.85,ceased. From these facts it appears that,rstl_1858_0029.txt,txt_rstl
1858,these,4.85,7:10 nearly. These facts are conclusive in,rstl_1858_0021.txt,txt_rstl
1858,these,4.85,"present joints, these facts are proþ of",rstl_1858_0021.txt,txt_rstl
1858,these,4.85,2 of these facts cannot for a,rstl_1858_0006.txt,txt_rstl
1858,these,4.85,an hour. These facts appeared to me,rstl_1858_0030.txt,txt_rstl
1858,these,4.85,interpretation of these facts seems my E,rstl_1858_0031.txt,txt_rstl
1858,these,4.85,"unveiled, and Further facts were developed, these",rstl_1858_0031.txt,txt_rstl
1858,these,4.85,"feeble action, Such facts as these prove",rstl_1858_0031.txt,txt_rstl
1858,these,4.85,spermatozoa. From these facts it can scarcely,rstl_1858_0034.txt,txt_rstl
1858,these,4.85,deducible from the facts which these researches,rstl_1858_0005.txt,txt_rstl
1858,these,4.85,certain from these facts :— S At,rstl_1858_0006.txt,txt_rstl
1858,these,4.85,explain these curious facts upon chemical Sprinciples,rstl_1858_0031.txt,txt_rstl
1859,these,4.62,per cent. These facts are of considerable,rstl_1859_0025.txt,txt_rstl
1859,these,4.62,"situated, leaving these facts to be discussed",rstl_1859_0017.txt,txt_rstl
1859,these,4.62,"determination of these facts is concerned, it",rstl_1859_0017.txt,txt_rstl
1859,these,4.62,diameter. = These facts puzzled me a,rstl_1859_0018.txt,txt_rstl
1859,these,4.62,drawn from these facts is unavoidable ;,rstl_1859_0015.txt,txt_rstl
1859,have,3.17,"manner possible, the facts I have to",rstl_1859_0017.txt,txt_rstl
1859,have,3.17,account with the facts which I have,rstl_1859_0024.txt,txt_rstl
1859,have,3.17,that the extreme facts have been dwelt,rstl_1859_0015.txt,txt_rstl
1859,have,3.17,but the new facts which have been,rstl_1859_0007.txt,txt_rstl
1859,have,3.17,observing some interesting facts which have not,rstl_1859_0024.txt,txt_rstl
1860,these,4.66,produced. All these facts are easily explained,rstl_1860_0008.txt,txt_rstl
1860,these,4.66,"induction. Bearing these facts in view, and",rstl_1860_0021.txt,txt_rstl
1861,these,4.63,statement of these facts it should be,rstl_1861_0024.txt,txt_rstl
1861,these,4.63,"atmospheric air, These facts are in harmony",rstl_1861_0001.txt,txt_rstl
1861,these,4.63,"aperture. Keeping these facts in view, it",rstl_1861_0029.txt,txt_rstl
1862,these,4.62,London values. These facts all indicate the,rstl_1862_0013.txt,txt_rstl
1862,these,4.62,cold. From these facts we learn another,rstl_1862_0001.txt,txt_rstl
1862,these,4.62,"acid (83.); these facts also indicate that,",rstl_1862_0020.txt,txt_rstl
1862,these,4.62,above this. These facts may be explained,rstl_1862_0040.txt,txt_rstl
1862,these,4.62,like rocks. These facts point towards the,rstl_1862_0033.txt,txt_rstl
1862,these,4.62,"and as these facts have been observed,",rstl_1862_0038.txt,txt_rstl
1862,these,4.62,doubt that these facts are evidence of,rstl_1862_0042.txt,txt_rstl
1863,these,4.56,"Now, keeping these facts in view, let",rstl_1863_0030.txt,txt_rstl
1864,these,4.54,at these singular facts ; but I,rstl_1864_0009.txt,txt_rstl
1864,these,4.54,recently submitted these facts to the Anthropological,rstl_1864_0015.txt,txt_rstl
1864,these,4.54,deduced from these facts that two distinctly,rstl_1864_0018.txt,txt_rstl
1864,these,4.54,from the preceding facts are these ;—First.,rstl_1864_0015.txt,txt_rstl
1864,these,4.54,the other.” These facts were in full,rstl_1864_0006.txt,txt_rstl
1865,these,4.7,freezing-point. AI these facts together leave hardly,rstl_1865_0004.txt,txt_rstl
1866,these,4.6,"process. Bearing these facts in mind, we",rstl_1866_0012.txt,txt_rstl
1866,these,4.6,reasoning upon these facts by their aid.,rstl_1866_0026.txt,txt_rstl
1866,these,4.6,operated upon. These facts surely afford strong,rstl_1866_0014.txt,txt_rstl
1866,these,4.6,between these two facts I am unable,rstl_1866_0021.txt,txt_rstl
1866,these,4.6,meh importance. These facts show that M.,rstl_1866_0021.txt,txt_rstl
1867,these,4.73,"attention to these facts because, as has",rstl_1867_0003.txt,txt_rstl
1867,these,4.73,rapid tremor. These facts strongly suggest the,rstl_1867_0014.txt,txt_rstl
1867,these,4.73,remainder. Of these facts he gives the,rstl_1867_0018.txt,txt_rstl
1867,these,4.73,"explanation of these facts at present, as",rstl_1867_0015.txt,txt_rstl
1867,these,4.73,bo These few facts may for the,rstl_1867_0015.txt,txt_rstl
1868,these,4.59,These in i facts have been fully,rstl_1868_0010.txt,txt_rstl
1868,these,4.59,some of these facts M. VULeran thinks,rstl_1868_0010.txt,txt_rstl
1868,all,3.79,of all the facts which I had,rstl_1868_0025.txt,txt_rstl
1869,these,4.66,"research. These new facts required new discussion,",rstl_1869_0006.txt,txt_rstl
1869,these,4.66,"Henscnr, places these facts in a more",rstl_1869_0001.txt,txt_rstl
1869,these,4.66,bring these striking facts forward at once.,rstl_1869_0015.txt,txt_rstl
1869,these,4.66,Do not these facts appear to demonstrate,rstl_1869_0017.txt,txt_rstl
1870,these,4.66,of the commonest facts of observation. These,rstl_1870_0019.txt,txt_rstl
1871,all,3.99,which all the facts at present known,rstl_1871_0002.txt,txt_rstl
1871,these,4.64,80me of these facts and inferences gre,rstl_1871_0019.txt,txt_rstl
1871,these,4.64,tissue seen. These facts show that the,rstl_1871_0019.txt,txt_rstl
1871,these,4.64,type. All these facts point to one,rstl_1871_0019.txt,txt_rstl
1871,all,3.99,All the < facts T have detailed,rstl_1871_0019.txt,txt_rstl
1871,these,4.64,the same. These facts do away with,rstl_1871_0019.txt,txt_rstl
1871,all,3.99,type. All these facts point to one,rstl_1871_0019.txt,txt_rstl
1871,which,3.0,accumulations of isolated facts and measurements which,rstl_1871_0006.txt,txt_rstl
1871,which,3.0,set forth the facts which guide to,rstl_1871_0010.txt,txt_rstl
1871,which,3.0,"to record the facts which T observed,",rstl_1871_0019.txt,txt_rstl
1871,which,3.0,which all the facts at present known,rstl_1871_0002.txt,txt_rstl
1871,all,3.99,that all the facts known point to,rstl_1871_0002.txt,txt_rstl
1872,which,3.06,"credence to any facts which should prove,",rstl_1872_0003.txt,txt_rstl
1872,these,4.66,matured stems. These facts at once suggested,rstl_1872_0013.txt,txt_rstl
1872,these,4.66,bearing which these facts have upon the,rstl_1872_0017.txt,txt_rstl
1872,these,4.66,zone. Coupling these facts with the additional,rstl_1872_0010.txt,txt_rstl
1872,these,4.66,the petioles. These facts are important because,rstl_1872_0010.txt,txt_rstl
1872,all,3.71,all the principal facts that have come,rstl_1872_0010.txt,txt_rstl
1872,which,3.06,bearing which these facts have upon the,rstl_1872_0017.txt,txt_rstl
1872,which,3.06,; but the facts upon which this,rstl_1872_0010.txt,txt_rstl
1872,which,3.06,justified by the facts upon which it,rstl_1872_0010.txt,txt_rstl
1872,which,3.06,"new and remarkable facts which have, in",rstl_1872_0008.txt,txt_rstl
1872,which,3.06,"locality, of the facts which we now",rstl_1872_0016.txt,txt_rstl
1872,which,3.06,to make the facts upon which it,rstl_1872_0010.txt,txt_rstl
1873,these,4.79,These and other facts which I have,rstl_1873_0019.txt,txt_rstl
1873,these,4.79,"quality. Taking these facts into consideration, the",rstl_1873_0017.txt,txt_rstl
1873,these,4.79,importance of these facts in connexion with,rstl_1873_0006.txt,txt_rstl
1873,these,4.79,acid. CONCLUSION... These facts justify us in,rstl_1873_0019.txt,txt_rstl
1873,these,4.79,"none of these facts inexplicable, and that",rstl_1873_0004.txt,txt_rstl
1873,these,4.79,bear upon the facts known respecting these,rstl_1873_0004.txt,txt_rstl
1873,these,4.79,"afterwards scattered, These facts seem to point",rstl_1873_0015.txt,txt_rstl
1874,which,3.08,partly in the facts to which General,rstl_1874_0017.txt,txt_rstl
1874,which,3.08,After combining the facts which T have,rstl_1874_0003.txt,txt_rstl
1874,which,3.08,of origin. The facts on which this,rstl_1874_0012.txt,txt_rstl
1874,these,4.85,"Bengal. From these facts we must, T",rstl_1874_0017.txt,txt_rstl
1874,these,4.85,"facts, while these facts are S irreconcilable",rstl_1874_0007.txt,txt_rstl
1874,these,4.85,bearing of these facts upon the question,rstl_1874_0003.txt,txt_rstl
1874,these,4.85,"balancing these various facts and arguments, I",rstl_1874_0003.txt,txt_rstl
1874,these,4.85,follows from these facts that the mammalian,rstl_1874_0009.txt,txt_rstl
1874,these,4.85,"given of these facts is, I believe,",rstl_1874_0004.txt,txt_rstl
1874,these,4.85,76. But these facts can equally well,rstl_1874_0015.txt,txt_rstl
1874,these,4.85,great. All these facts are easily explained,rstl_1874_0013.txt,txt_rstl
1874,these,4.85,"find these two facts of importance, ©",rstl_1874_0019.txt,txt_rstl
1874,these,4.85,verticils. Whatever these facts indicate they are,rstl_1874_0003.txt,txt_rstl
1875,which,3.11,"1874, and the facts to which it",rstl_1875_0001.txt,txt_rstl
1875,these,4.82,these facts. The facts will then tell,rstl_1875_0018.txt,txt_rstl
1875,these,4.82,"Taken together, these facts establish the localization",rstl_1875_0016.txt,txt_rstl
1876,which,3.16,corals. But the facts on which he,rstl_1876_0004.txt,txt_rstl
1876,which,3.16,that of the facts from which it,rstl_1876_0011.txt,txt_rstl
1876,which,3.16,think that the facts which I have,rstl_1876_0007.txt,txt_rstl
1876,which,3.16,shall summarize the facts which prove this,rstl_1876_0022.txt,txt_rstl
1876,which,3.16,warranted by the facts of structure which,rstl_1876_0011.txt,txt_rstl
1876,these,4.88,all these paradoxical facts may be reconciled;,rstl_1876_0011.txt,txt_rstl
1876,these,4.88,Medusz. That these facts are of a,rstl_1876_0011.txt,txt_rstl
1876,these,4.88,accuracy. From these facts it appears that,rstl_1876_0021.txt,txt_rstl
1876,these,4.88,"Taking all these facts into consideration, it",rstl_1876_0028.txt,txt_rstl
1876,these,4.88,meaning of these facts will come out,rstl_1876_0024.txt,txt_rstl
1877,these,4.92,seen. Z These facts appear to me,rstl_1877_0007.txt,txt_rstl
1877,these,4.92,object to the facts on which these,rstl_1877_0002.txt,txt_rstl
1877,these,4.92,once that these facts afforded a solid,rstl_1877_0002.txt,txt_rstl
1877,these,4.92,estimation of these facts :!— « An,rstl_1877_0018.txt,txt_rstl
1877,these,4.92,the nectocalyx*. These facts clearly point to,rstl_1877_0018.txt,txt_rstl
1877,these,4.92,prolonged pause. These facts tend to show,rstl_1877_0018.txt,txt_rstl
1877,these,4.92,and of these facts the first that,rstl_1877_0018.txt,txt_rstl
1877,these,4.92,lation. These complementary facts clearly prove the,rstl_1877_0018.txt,txt_rstl
1877,these,4.92,importance of any facts established by these,rstl_1877_0018.txt,txt_rstl
1877,these,4.92,to sea-water. These facts how the extreme,rstl_1877_0018.txt,txt_rstl
1877,these,4.92,cage. * These facts were partly ascertained,rstl_1877_0018.txt,txt_rstl
1877,these,4.92,"put on these facts is, that every",rstl_1877_0018.txt,txt_rstl
1877,these,4.92,correctly. = These facts may also be,rstl_1877_0018.txt,txt_rstl
1877,which,3.23,"suppress, because the facts of which it",rstl_1877_0018.txt,txt_rstl
1877,these,4.92,time. All these facts seem to show,rstl_1877_0018.txt,txt_rstl
1877,which,3.23,all the other facts which are detailed,rstl_1877_0018.txt,txt_rstl
1877,which,3.23,consequences with the facts to which the,rstl_1877_0002.txt,txt_rstl
1877,which,3.23,object to the facts on which these,rstl_1877_0002.txt,txt_rstl
1877,which,3.23,agreement with the facts which we wish,rstl_1877_0002.txt,txt_rstl
1877,which,3.23,facts. Now the facts to which this,rstl_1877_0002.txt,txt_rstl
1877,which,3.23,of the main facts which were detailed,rstl_1877_0018.txt,txt_rstl
1877,which,3.23,which the above facts supplied to my,rstl_1877_0018.txt,txt_rstl
1877,which,3.23,record all the facts which my studies,rstl_1877_0007.txt,txt_rstl
1877,which,3.23,interesting series of facts which have led,rstl_1877_0018.txt,txt_rstl
1877,which,3.23,"far more astonishing, facts which are presently",rstl_1877_0018.txt,txt_rstl
1877,which,3.23,"serics, all the facts and inferences which",rstl_1877_0018.txt,txt_rstl
1877,which,3.23,a class of facts which physiologists will,rstl_1877_0018.txt,txt_rstl
1877,which,3.23,of the analogous facts which we have,rstl_1877_0018.txt,txt_rstl
1877,which,3.23,"branches, are all facts which point in",rstl_1877_0007.txt,txt_rstl
1879,these,5.02,2. 29. These facts will be better,rstl_1879_0078.txt,txt_rstl
1879,these,5.02,may explain these facts without having recourse,rstl_1879_0062.txt,txt_rstl
1879,these,5.02,of these experimental facts leads to the,rstl_1879_0066.txt,txt_rstl
1879,which,3.04,marine vegetation ; facts which may yery,rstl_1879_0003.txt,txt_rstl
1879,which,3.04,"the Crozets, | facts from which Mr.",rstl_1879_0003.txt,txt_rstl
1879,which,3.04,it. Although many facts which could be,rstl_1879_0073.txt,txt_rstl
1880,these,4.97,explanation of these facts becomes one of,rstl_1880_0007.txt,txt_rstl
1880,these,4.97,contraction. And these facts tend still further,rstl_1880_0007.txt,txt_rstl
1880,these,4.97,before. That these facts are remarkable no,rstl_1880_0007.txt,txt_rstl
1880,these,4.97,interpretation of these facts would geem to,rstl_1880_0007.txt,txt_rstl
1880,these,4.97,attaching to these facts arises from the,rstl_1880_0007.txt,txt_rstl
1880,these,4.97,evident that these facts are of considerable,rstl_1880_0007.txt,txt_rstl
1880,which,3.03,all the other facts which are detailed,rstl_1880_0007.txt,txt_rstl
1880,these,4.97,and the experimental facts upon which these,rstl_1880_0016.txt,txt_rstl
1880,these,4.97,accordance with these facts as to the,rstl_1880_0010.txt,txt_rstl
1880,which,3.03,"also, the chief facts which remained to",rstl_1880_0024.txt,txt_rstl
1880,which,3.03,portion contains wholly facts on which no,rstl_1880_0017.txt,txt_rstl
1880,which,3.03,briefly the chiefs facts of interest which,rstl_1880_0003.txt,txt_rstl
1880,these,4.97,one hand these facts snpply an interesting,rstl_1880_0016.txt,txt_rstl
1880,which,3.03,subsection RE The facts of which it,rstl_1880_0007.txt,txt_rstl
1880,which,3.03,of the main facts which were detailed,rstl_1880_0007.txt,txt_rstl
1880,which,3.03,speculation on such facts as those which,rstl_1880_0007.txt,txt_rstl
1880,which,3.03,forasmuch as the facts on which my,rstl_1880_0007.txt,txt_rstl
1880,which,3.03,principally on the facts which have been,rstl_1880_0007.txt,txt_rstl
1880,which,3.03,"thus accepted, the facts which ib is",rstl_1880_0007.txt,txt_rstl
1880,which,3.03,OF MEDUSM. 171 facts which T have,rstl_1880_0007.txt,txt_rstl
1880,which,3.03,ciremmnstances. The only facts which still remain,rstl_1880_0007.txt,txt_rstl
1880,which,3.03,detailed all the facts which I have,rstl_1880_0007.txt,txt_rstl
1880,which,3.03,"geries, all the facts and inferences which",rstl_1880_0007.txt,txt_rstl
1880,which,3.03,must incorporate the facts and inferences which,rstl_1880_0007.txt,txt_rstl
1880,which,3.03,on that of facts which are better,rstl_1880_0007.txt,txt_rstl
1880,which,3.03,aurita.—The only remaining facts which I have,rstl_1880_0007.txt,txt_rstl
1880,which,3.03,and the experimental facts upon which these,rstl_1880_0016.txt,txt_rstl
1880,which,3.03,experity b mental facts which in the,rstl_1880_0016.txt,txt_rstl
1880,which,3.03,"Nevertheless, as the facts which the hypotbesis",rstl_1880_0007.txt,txt_rstl
1880,which,3.03,consistent with the facts which have been,rstl_1880_0010.txt,txt_rstl
1880,which,3.03,both by the facts which they already,rstl_1880_0010.txt,txt_rstl
1881,these,5.03,"implied by these facts is, however, rendered",rstl_1881_0019.txt,txt_rstl
1881,these,5.03,"of irritation. These facts prove, 1st, that",rstl_1881_0019.txt,txt_rstl
1881,these,5.03,nob affected. These facts prove that the,rstl_1881_0019.txt,txt_rstl
1881,these,5.03,latter. From these facts it would appear,rstl_1881_0003.txt,txt_rstl
1881,these,5.03,forty vessels. These facts show that as,rstl_1881_0003.txt,txt_rstl
1882,these,5.02,the base. These facts show that direct,rstl_1882_0024.txt,txt_rstl
1882,these,5.02,is in these facts clear evidence of,rstl_1882_0029.txt,txt_rstl
1882,these,5.02,at first. These facts indicate in the,rstl_1882_0023.txt,txt_rstl
1882,these,5.02,NERVE. 1015 These facts alone make it,rstl_1882_0024.txt,txt_rstl
1882,these,5.02,them. From these facts I conclude that,rstl_1882_0024.txt,txt_rstl
1882,these,5.02,"notes these new facts will be stated,",rstl_1882_0013.txt,txt_rstl
1882,these,5.02,entertained upon these facts after a careful,rstl_1882_0015.txt,txt_rstl
1882,these,5.02,"10, A). These facts warrant us in",rstl_1882_0015.txt,txt_rstl
1882,these,5.02,By comparing these facts with those already,rstl_1882_0002.txt,txt_rstl
1882,these,5.02,effect. But these facts afford no clue,rstl_1882_0002.txt,txt_rstl
1882,these,5.02,To observe these facts the current of,rstl_1882_0002.txt,txt_rstl
1882,these,5.02,these now well-known facts to enable the,rstl_1882_0008.txt,txt_rstl
1882,these,5.02,"right angle. These facts are extremely interesting,",rstl_1882_0003.txt,txt_rstl
1882,these,5.02,bearing of these facts on the question,rstl_1882_0029.txt,txt_rstl
1882,these,5.02,sulphaur. From these facts we conclude that,rstl_1882_0011.txt,txt_rstl
1883,these,4.91,If these two facts are mutually dependent,rstl_1883_0022.txt,txt_rstl
1883,these,4.91,ET; 6:64 These facts are of considerable,rstl_1883_0026.txt,txt_rstl
1883,these,4.91,supporting lamella. These facts leave no doubt,rstl_1883_0024.txt,txt_rstl
1883,these,4.91,"do, but these facts 8nggest the further",rstl_1883_0011.txt,txt_rstl
1884,these,4.89,"sheathing wings. These facts being 80, and",rstl_1884_0021.txt,txt_rstl
1884,these,4.89,mixture increases. These facts account for the,rstl_1884_0022.txt,txt_rstl
1884,these,4.89,the surface. These facts permit the question,rstl_1884_0022.txt,txt_rstl
1885,these,4.89,"the patient. These facts are well known,",rstl_1885_0009.txt,txt_rstl
1886,these,4.83,"larger tuberosities, These facts 8eem to show",rstl_1886_0019.txt,txt_rstl
1886,these,4.83,erent trunk. These facts tend to confirm,rstl_1886_0018.txt,txt_rstl
1886,these,4.83,"in calibre, These facts are clear enough",rstl_1886_0018.txt,txt_rstl
1886,these,4.83,own observations these facts go to prove,rstl_1886_0007.txt,txt_rstl
1887,these,4.9,"neither of these facts have, so far",rstb_1887_0010.txt,txt_rstb
1887,these,4.9,"‘Taking all these facts into consideration, I",rstb_1887_0008.txt,txt_rstb
1887,these,4.9,I mention these facts because it will,rstb_1887_0008.txt,txt_rstb
1887,these,4.9,than normal. These facts throw further light,rstb_1887_0014.txt,txt_rstb
1887,these,4.9,these two important facts the work of,rstb_1887_0017.txt,txt_rstb
1887,these,4.9,nothing in these facts which contradicts the,rstb_1887_0018.txt,txt_rstb
1888,these,4.97,summation of these facts gives correctly the,rstb_1888_0009.txt,txt_rstb
1888,these,4.97,"have commenced. These facts are, I think,",rstb_1888_0008.txt,txt_rstb
1888,these,4.97,root. § These facts account for the,rstb_1888_0004.txt,txt_rstb
1888,these,4.97,"side. 2 These facts afford, I think,",rstb_1888_0010.txt,txt_rstb
1888,these,4.97,"mentions these important facts (‘Kopfskelet,’ p. 173):",rstb_1888_0017.txt,txt_rstb
1888,these,4.97,"surface. , These facts clearly indicated that",rstb_1888_0016.txt,txt_rstb
1888,these,4.97,"Taking all these facts into consideration, it",rsta_1888_0001.txt,txt_rsta
1888,these,4.97,"Summing all these facts together, we would",rstb_1888_0009.txt,txt_rstb
1889,these,4.84,of these experimental facts is further borne,rstb_1889_0004.txt,txt_rstb
1889,these,4.84,philosophy of these facts may be considered,rstb_1889_0005.txt,txt_rstb
1889,these,4.84,"difficult, with these facts before us, to",rstb_1889_0008.txt,txt_rstb
1890,these,4.87,bearing which these facts have upon heat,rstb_1890_0008.txt,txt_rstb
1890,these,4.87,bearing of these facts obviously requires no,rstb_1890_0003.txt,txt_rstb
1890,these,4.87,limb region. These facts are simply examples,rstb_1890_0006.txt,txt_rstb
1891,these,4.92,the sternum. These facts seem to show,rstb_1891_0002.txt,txt_rstb
1891,these,4.92,ultimate dimensions. These facts certainly lend support,rstb_1891_0002.txt,txt_rstb
1891,these,4.92,clonus present. These facts were noted just,rstb_1891_0006.txt,txt_rstb
1891,these,4.92,suggested by these facts are further supported,rstb_1891_0005.txt,txt_rstb
1891,these,4.92,All these combined facts demonstrate that we,rstb_1891_0005.txt,txt_rstb
1891,these,4.92,of these two facts will appear under,rstb_1891_0004.txt,txt_rstb
1892,these,4.93,"answered before these facts were demonstrated, and",rstb_1892_0006.txt,txt_rstb
1892,these,4.93,"Taking all these facts into consideration, it",rstb_1892_0005.txt,txt_rstb
1892,these,4.93,"these and other facts into consideration, there",rstb_1892_0010.txt,txt_rstb
1892,these,4.93,"its protoplasm.* These facts are, first, that",rstb_1892_0006.txt,txt_rstb
1892,these,4.93,bearing of these facts upon the ‘dreatment,rstb_1892_0007.txt,txt_rstb
1892,these,4.93,meaning of these facts appears to us,rstb_1892_0007.txt,txt_rstb
1892,these,4.93,"PasrEur’s solution, These facts are quite in",rstb_1892_0006.txt,txt_rstb
1893,these,4.97,result if these facts were not borne,rstb_1893_0002.txt,txt_rstb
1893,these,4.97,addition to these facts confirmatory of the,rstb_1893_0002.txt,txt_rstb
1893,these,4.97,to which these facts seem irresistibly to,rstb_1893_0003.txt,txt_rstb
1893,these,4.97,suggested hy these facts seems to us,rstb_1893_0003.txt,txt_rstb
1893,these,4.97,"were performed, these facts gain significance. The",rsta_1893_0007.txt,txt_rsta
1893,these,4.97,"inference from these facts to conclude, when",rsta_1893_0003.txt,txt_rsta
1893,these,4.97,the explosion. These facts seem only consistent,rsta_1893_0003.txt,txt_rsta
1893,these,4.97,but beyond these facts there is no,rsta_1893_0018.txt,txt_rsta
1893,these,4.97,are wanting. These facts prove how prolonged,rsta_1893_0018.txt,txt_rsta
1893,these,4.97,infer from these facts that the submergence,rsta_1893_0018.txt,txt_rsta
1893,these,4.97,former province. These facts would seem to,rsta_1893_0018.txt,txt_rsta
1893,these,4.97,"Taking all these facts into consideration, the",rsta_1893_0018.txt,txt_rsta
1894,these,4.96,4 From these facts it seems highly,rstb_1894_0006.txt,txt_rstb
1894,these,4.96,wandering cell. These facts suggest two 5:,rstb_1894_0007.txt,txt_rstb
1894,these,4.96,captor. Expressing these facts in terms of,rstb_1894_0007.txt,txt_rstb
1894,these,4.96,sonsequence of these facts the epithelium is,rstb_1894_0011.txt,txt_rstb
1894,these,4.96,have mentioned these facts because the swelling,rstb_1894_0011.txt,txt_rstb
1894,these,4.96,"if all these facts are placed together,",rstb_1894_0007.txt,txt_rstb
1894,these,4.96,closel) ¢ These facts can be made,rstb_1894_0019.txt,txt_rstb
1894,these,4.96,"be, bearing these facts in mind, to",rstb_1894_0012.txt,txt_rstb
1894,these,4.96,seen that these facts will affect the,rstb_1894_0012.txt,txt_rstb
1894,these,4.96,Taking all these facts together is plain,rstb_1894_0012.txt,txt_rstb
1894,these,4.96,These are the facts on which the,rstb_1894_0012.txt,txt_rstb
1894,these,4.96,perceptible effect. These facts became only the,rstb_1894_0020.txt,txt_rstb
1894,these,4.96,with these curious facts we have found,rstb_1894_0001.txt,txt_rstb
1894,these,4.96,"5 From these facts we may, I",rstb_1894_0005.txt,txt_rstb
1894,these,4.96,"way these two facts may be reconciled,",rstb_1894_0017.txt,txt_rstb
1895,these,4.96,order. E These facts led me to,rsta_1895_0016.txt,txt_rsta
1895,these,4.96,especially clear. These facts demonstrate that ‘othe,rstb_1895_0016.txt,txt_rstb
1896,these,5.07,that these two facts immediately follow from,rsta_1896_0002.txt,txt_rsta
1896,these,5.07,light. All these facts seem to indicate,rsta_1896_0015.txt,txt_rsta
1896,these,5.07,way. From these facts I Econclude that,rsta_1896_0005.txt,txt_rsta
1896,these,5.07,"(atomic =olume)""*. These facts are given merely",rsta_1896_0011.txt,txt_rsta
1896,these,5.07,dilate upon these facts and obvious conclusions,rstb_1896_0001.txt,txt_rstb
1896,these,5.07,that these outlying facts of heredity are,rsta_1896_0007.txt,txt_rsta
1896,these,5.07,"they go, these facts agree with the",rsta_1896_0015.txt,txt_rsta
1896,these,5.07,significance of these facts will become apparent,rsta_1896_0005.txt,txt_rsta
1896,these,5.07,get at these facts Mr. Fowzur has,rsta_1896_0015.txt,txt_rsta
1896,these,5.07,selenium hydride. These facts were established as,rsta_1896_0004.txt,txt_rsta
1896,these,5.07,May not these facts indicate that the,rsta_1896_0015.txt,txt_rsta
1897,these,5.04,during pregnancy. These facts make it doubly,rstb_1897_0003.txt,txt_rstb
1897,these,5.04,accelerated. From these facts it is obvious,rstb_1897_0007.txt,txt_rstb
1897,these,5.04,tracings. From these facts we are led,rstb_1897_0007.txt,txt_rstb
1897,these,5.04,that these two facts tend to neutralise,rstb_1897_0007.txt,txt_rstb
1897,these,5.04,face of these facts it is impossible,rstb_1897_0011.txt,txt_rstb
1897,these,5.04,follows from these facts that of the,rstb_1897_0009.txt,txt_rstb
1897,these,5.04,rounded bodies. These facts may be taken,rstb_1897_0010.txt,txt_rstb
1897,these,5.04,occasional abstrictions. These facts plainly correspond to,rstb_1897_0010.txt,txt_rstb
1897,these,5.04,to read these facts as consistent with,rstb_1897_0010.txt,txt_rstb
1898,these,5.03,Though all these facts may be demonstrated,rstb_1898_0004.txt,txt_rstb
1898,these,5.03,resulting.) Summary. These facts point to the,rstb_1898_0004.txt,txt_rstb
1898,these,5.03,plane. All these facts afford grounds for,rsta_1898_0004.txt,txt_rsta
1898,these,5.03,"importance. Bearing these facts in mind, it",rsta_1898_0007.txt,txt_rsta
1898,these,5.03,"of inhibition, these facts point rather to",rstb_1898_0004.txt,txt_rstb
1899,these,5.1,or peptone. These facts were sufficient to,rstb_1899_0005.txt,txt_rstb
1899,these,5.1,o'clock. From these facts it is evident,rstb_1899_0005.txt,txt_rstb
1899,these,5.1,view of these facts it seems clear,rstb_1899_0005.txt,txt_rstb
1899,these,5.1,prosenchymatous termination.* These facts are of interest,rstb_1899_0006.txt,txt_rstb
1899,these,5.1,5 These two facts are doubtless of,rsta_1899_0010.txt,txt_rsta
1900,these,5.08,of events. These facts prove the apparent,rstb_1900_0011.txt,txt_rstb
1900,these,5.08,these cells. Two facts are perfectly clear:,rstb_1900_0008.txt,txt_rstb
1900,these,5.08,as 224. These facts taken in conjunction,rstb_1900_0006.txt,txt_rstb
1900,these,5.08,2 F). These facts preclude the possibility,rstb_1900_0006.txt,txt_rstb
1900,these,5.08,type. With these facts before us we,rstb_1900_0002.txt,txt_rstb
1900,these,5.08,view of these facts 1 have made,rstb_1900_0012.txt,txt_rstb
1900,these,5.08,consideration of such facts as these leads,rstb_1900_0014.txt,txt_rstb
1900,these,5.08,how these two facts are related to,rstb_1900_0002.txt,txt_rstb
1900,these,5.08,the Schizswacese. These facts are of the,rstb_1900_0002.txt,txt_rstb
1900,these,5.08,"this organ, These facts indicate conclusively that",rstb_1900_0002.txt,txt_rstb
1900,these,5.08,is in these facts any indication of,rstb_1900_0002.txt,txt_rstb
1900,these,5.08,some of the facts on which these,rstb_1900_0002.txt,txt_rstb
1900,these,5.08,"While, however, these facts are undisputed, the",rsta_1900_0032.txt,txt_rsta
1900,these,5.08,based on these facts leads to the,rstb_1900_0002.txt,txt_rstb
1900,these,5.08,of tracheides. These facts prevent my accepting,rstb_1900_0002.txt,txt_rstb
1901,these,5.11,the eclipse. These facts indicate that the,rsta_1901_0017.txt,txt_rsta
1901,these,5.11,Evidently these latter facts are of much,rstb_1901_0001.txt,txt_rstb
1901,these,5.11,think that these facts must be taken,rstb_1901_0001.txt,txt_rstb
1901,these,5.11,Burmese forms. These facts are consistent with,rstb_1901_0008.txt,txt_rstb
1903,these,4.91,solid conductor. These facts render it probable,rsta_1903_0023.txt,txt_rsta
1903,these,4.91,"death. Although these facts are sufficiently apparent,",rstb_1903_0002.txt,txt_rstb
1903,these,4.91,is given. These facts may imply (1),rstb_1903_0002.txt,txt_rstb
1903,these,4.91,"the hill, These facts all point to",rsta_1903_0010.txt,txt_rsta
1903,these,4.91,this year. These facts are sufficient to,rsta_1903_0010.txt,txt_rsta
1903,these,4.91,or 10. These facts relating to the,rsta_1903_0011.txt,txt_rsta
1904,these,4.95,of size. These facts could be explained,rstb_1904_0005.txt,txt_rstb
1904,these,4.95,sporogenous group. These facts support the general,rstb_1904_0007.txt,txt_rstb
1904,these,4.95,Osmundaceve.{{ From these facts it appears that,rstb_1904_0007.txt,txt_rstb
1904,these,4.95,these and similar facts it may be,rstb_1904_0003.txt,txt_rstb
1904,these,4.95,when to these facts are added those,rstb_1904_0007.txt,txt_rstb
1904,these,4.95,discussion of these facts is inseparable from,rstb_1904_0003.txt,txt_rstb
1904,these,4.95,May 26. These facts render it improbable,rstb_1904_0003.txt,txt_rstb
1904,these,4.95,in sign. These facts are certainly calculated,rsta_1904_0009.txt,txt_rsta
1904,these,4.95,"year followiag, Such facts as these are",rstb_1904_0003.txt,txt_rstb
1904,these,4.95,"captivity, but the facts about these animals",rstb_1904_0003.txt,txt_rstb
1904,these,4.95,rare occurrence. These facts indicate a prevalence,rstb_1904_0007.txt,txt_rstb
1904,these,4.95,has not.{ Such facts as these make,rstb_1904_0007.txt,txt_rstb
1904,these,4.95,similar conformation.’ These facts make it necessary,rstb_1904_0007.txt,txt_rstb
1904,these,4.95,p. 887.) These facts may in some,rstb_1904_0007.txt,txt_rstb
1904,these,4.95,temperatures. 8 These facts naturally suggest the,rsta_1904_0007.txt,txt_rsta
1904,these,4.95,face of these facts the position of,rstb_1904_0007.txt,txt_rstb
1904,these,4.95,the base. Such facts as these would,rstb_1904_0007.txt,txt_rstb
1904,these,4.95,drawn from these facts will then be,rstb_1904_0007.txt,txt_rstb
1904,these,4.95,at large.* These facts point to the,rstb_1904_0007.txt,txt_rstb
1904,these,4.95,sterile leaves. These facts together point to,rstb_1904_0007.txt,txt_rstb
1904,these,4.95,‘Taking all these facts and physiological considerations,rstb_1904_0007.txt,txt_rstb
1905,these,5.01,"24, p.c’.). These facts are consistent with",rstb_1905_0008.txt,txt_rstb
1905,these,5.01,of glycerine. These facts point to the,rsta_1905_0012.txt,txt_rsta
1905,these,5.01,unheated venom. These facts confirm the supposition,rstb_1905_0007.txt,txt_rstb
1906,these,4.96,"arterial stream, These facts I have shown",rstb_1906_0006.txt,txt_rstb
1906,these,4.96,the enclosure. These facts hold true whether,rsta_1906_0011.txt,txt_rsta
1906,these,4.96,initial stages. These facts suggest the following,rsta_1906_0015.txt,txt_rsta
1906,these,4.96,computed times. These facts are difficult to,rsta_1906_0016.txt,txt_rsta
1906,these,4.96,were unsuccessful. These facts favour the view,rstb_1906_0008.txt,txt_rstb
1906,these,4.96,external conditions. These facts are evidence in,rstb_1906_0007.txt,txt_rstb
1906,these,4.96,with sugar. These facts support the conclusions,rstb_1906_0007.txt,txt_rstb
1906,these,4.96,Taking all these facts into consideration and,rstb_1906_0005.txt,txt_rstb
1906,these,4.96,limits. All these facts afford strong indirect,rstb_1906_0003.txt,txt_rstb
1906,these,4.96,a habit. These facts are closely analogous,rstb_1906_0001.txt,txt_rstb
1908,these,5.05,clear that these facts can be interpreted,rsta_1908_0015.txt,txt_rsta
1908,these,5.05,view of these facts the investigation of,rsta_1908_0003.txt,txt_rsta
1908,these,5.05,experimental error. These facts are not of,rsta_1908_0025.txt,txt_rsta
1908,these,5.05,view of these facts and the great,rsta_1908_0013.txt,txt_rsta
1908,these,5.05,OF Bone. These facts corroborate and supplement,rstb_1908_0006.txt,txt_rstb
1908,these,5.05,the temperature. These facts seem to show,rsta_1908_0019.txt,txt_rsta
1908,these,5.05,I think these facts indicate that the,rsta_1908_0019.txt,txt_rsta
1908,these,5.05,view of these facts and considering the,rstb_1908_0007.txt,txt_rstb
1909,these,5.14,"these specimens, the facts Mr. Piarr could",rstb_1909_0005.txt,txt_rstb
1909,these,5.14,"regularity results. These facts indicate that, whatever",rstb_1909_0002.txt,txt_rstb
1909,these,5.14,Many of these facts give support to,rstb_1909_0005.txt,txt_rstb
1909,these,5.14,longer accept these facts as proof of,rstb_1909_0005.txt,txt_rstb
1909,these,5.14,of bearing these facts in mind is,rstb_1909_0004.txt,txt_rstb
1909,these,5.14,spite of these facts many data were,rsta_1909_0015.txt,txt_rsta
1909,these,5.14,production. From these facts it must be,rstb_1909_0008.txt,txt_rstb
1909,these,5.14,the granules. These facts seem to indicate,rstb_1909_0011.txt,txt_rstb
1909,these,5.14,explanation of these facts may be based,rsta_1909_0013.txt,txt_rsta
1909,these,5.14,Plate 19). These facts prove that the,rstb_1909_0005.txt,txt_rstb
1912,these,5.16,years these physiological facts have come to,rstb_1912_0004.txt,txt_rstb
1913,these,5.21,view of these facts it does not,rstb_1913_0006.txt,txt_rstb
1913,these,5.21,inference from these facts appears-to be that,rstb_1913_0004.txt,txt_rstb
1913,these,5.21,"case. With these facts before us, it",rsta_1913_0008.txt,txt_rsta
1913,these,5.21,focal length. These facts are well known,rsta_1913_0005.txt,txt_rsta
1914,these,5.24,statement of these facts is deemed sufficient.,rstb_1914_0007.txt,txt_rstb
1914,these,5.24,"13, 65. These facts immediately suggest a",rstb_1914_0007.txt,txt_rstb
1914,these,5.24,and 23). These facts add considerable complications,rstb_1914_0010.txt,txt_rstb
1914,these,5.24,and phosphates. These facts show that “a,rstb_1914_0013.txt,txt_rstb
1914,these,5.24,We interpret these facts as evidences that,rstb_1914_0019.txt,txt_rstb
1914,these,5.24,accordance with these facts so thoroughly demonstrated,rstb_1914_0011.txt,txt_rstb
1914,these,5.24,such experiments. These facts alone would dismiss,rstb_1914_0005.txt,txt_rstb
1914,these,5.24,development. On these facts the supposition was,rstb_1914_0014.txt,txt_rstb
1914,these,5.24,"If confirmed, these facts would fall in",rstb_1914_0008.txt,txt_rstb
1914,these,5.24,Some of these facts have been incorporated,rstb_1914_0008.txt,txt_rstb
1914,these,5.24,29). If these facts are compared with,rstb_1914_0016.txt,txt_rstb
1914,these,5.24,the series. These facts strengthen the evidence,rstb_1914_0016.txt,txt_rstb
1914,these,5.24,hours.t These & facts clearly show that,rsta_1914_0007.txt,txt_rsta
1914,these,5.24,bearing of these facts on the .,rstb_1914_0018.txt,txt_rstb
1914,these,5.24,intensity. Although these facts are obvious the,rsta_1914_0008.txt,txt_rsta
1914,these,5.24,to explain these facts by reference to,rstb_1914_0009.txt,txt_rstb
1915,these,5.3,true that these facts have chiefly been,rstb_1915_0007.txt,txt_rstb
1915,these,5.3,"these and other facts one may reasonably,",rstb_1915_0007.txt,txt_rstb
1915,these,5.3,entirely disappeared. These facts are very simply,rsta_1915_0009.txt,txt_rsta
1915,these,5.3,"3, All these facts go together to",rstb_1915_0007.txt,txt_rstb
1915,these,5.3,"XX shows these facts summarised, and goes",rstb_1915_0007.txt,txt_rstb
1915,these,5.3,spherical divergence. These facts suggest emphatically that,rsta_1915_0004.txt,txt_rsta
1915,these,5.3,of 5:4. These facts cannot be explained,rstb_1915_0007.txt,txt_rstb
1916,these,5.25,will render these facts clear. The density,rsta_1916_0001.txt,txt_rsta
1916,these,5.25,five. Taking these facts together it seems,rstb_1916_0004.txt,txt_rstb
1916,these,5.25,passed off. These facts are shown in,rstb_1916_0004.txt,txt_rstb
1916,these,5.25,the megasporophylls. These facts seem to further,rstb_1916_0003.txt,txt_rstb
1916,these,5.25,"far as these facts lead, therefore, they",rstb_1916_0008.txt,txt_rstb
1916,these,5.25,its disappearance. These facts seem to me,rstb_1916_0007.txt,txt_rstb
1916,these,5.25,absent. Evidently these facts may help us,rstb_1916_0006.txt,txt_rstb
1916,these,5.25,basketwork. These chief facts are illustrated in,rstb_1916_0006.txt,txt_rstb
1916,these,5.25,levograms. Now these facts are not new,rstb_1916_0006.txt,txt_rstb
1916,these,5.25,to represent the facts in these extreme,rsta_1916_0006.txt,txt_rsta
1918,these,4.96,a {100}. These facts will be rendered,rsta_1918_0006.txt,txt_rsta
1918,these,4.96,be detected. These facts of observation show,rsta_1918_0003.txt,txt_rsta
1918,these,4.96,the list. These facts give some support,rsta_1918_0007.txt,txt_rsta
1918,these,4.96,curve depicting these facts is well known.,rsta_1918_0003.txt,txt_rsta
1918,these,4.96,Englishman illustrates these facts graphically. The characteristic,rstb_1918_0010.txt,txt_rstb
1918,these,4.96,drawn from these facts are of the,rstb_1918_0010.txt,txt_rstb
1918,these,4.96,"plane posteriorly. These facts suggest that, on",rstb_1918_0010.txt,txt_rstb
1918,these,4.96,"therefore, from these facts is that, notwithstanding",rstb_1918_0010.txt,txt_rstb
1920,these,5.02,218 When these facts had been ascertained,rstb_1920_0003.txt,txt_rstb
1920,these,5.02,“Where do these facts point? A moment’s,rsta_1920_0008.txt,txt_rsta
1920,these,5.02,"spectral construction, such facts as these may",rsta_1920_0010.txt,txt_rsta
1921,these,5.13,obtained increases. These facts confirm the theory,rstb_1921_0005.txt,txt_rstb
1921,these,5.13,are incorrect. These facts need not be,rstb_1921_0002.txt,txt_rstb
1921,these,5.13,small. All these facts are evidently in,rsta_1921_0006.txt,txt_rsta
1921,these,5.13,same conclusion. These facts about Podocarpus are,rstb_1921_0007.txt,txt_rstb
1923,these,5.19,of latitude. These facts will give an,rstb_1923_0004.txt,txt_rstb
1923,these,5.19,385) :—‘“ These facts seem to me,rstb_1923_0005.txt,txt_rstb
1923,these,5.19,is decreased. These facts have an important,rsta_1923_0003.txt,txt_rsta
1923,these,5.19,From all these facts the conclusion may,rsta_1923_0004.txt,txt_rsta
1924,these,5.16,"R. 141). These facts VOL. CCXI.—B, 2P",rstb_1924_0008.txt,txt_rstb
1924,these,5.16,occur. All these facts lead up to,rstb_1924_0004.txt,txt_rstb
1924,these,5.16,wear. From these facts it seems most,rstb_1924_0009.txt,txt_rstb
1924,these,5.16,current. These observational facts agree well with,rsta_1924_0005.txt,txt_rsta
1924,these,5.16,Trichosurus. All these facts appear sufticiently conclusive,rstb_1924_0008.txt,txt_rstb
1924,these,5.16,"pars superior. These facts are not revealed,",rstb_1924_0008.txt,txt_rstb
1924,these,5.16,"distribution, . These facts suggest that the",rstb_1924_0008.txt,txt_rstb
1925,these,5.16,the body of facts expressed in these,rstb_1925_0003.txt,txt_rstb
1927,these,5.35,Type II. These facts demonstrate that the,rstb_1927_0008.txt,txt_rstb
1927,these,5.35,of these new facts shows that very,rstb_1927_0004.txt,txt_rstb
1927,these,5.35,Table IX these facts are illus- trated,rsta_1927_0005.txt,txt_rsta
1927,these,5.35,these and other facts is given by,rsta_1927_0005.txt,txt_rsta
1927,these,5.35,"Taking all these facts into consideration, it",rstb_1927_0004.txt,txt_rstb
1928,these,5.36,intervertebral) position. These facts explain the paired,rstb_1928_0006.txt,txt_rstb
1928,these,5.36,8-day Struthio. These facts suggest that both,rstb_1928_0006.txt,txt_rstb
1928,these,5.36,view of these facts we seem thoroughly,rstb_1928_0002.txt,txt_rstb
1928,these,5.36,index law. These facts illustrate the great,rsta_1928_0009.txt,txt_rsta
1929,these,5.35,use of these facts we see that,rsta_1929_0002.txt,txt_rsta
1929,these,5.35,reason for these facts is to be,rsta_1929_0001.txt,txt_rsta
1929,these,5.35,Q. From these facts we deduce the,rsta_1929_0008.txt,txt_rsta
1929,these,5.35,in Clepsydropsis. These facts suggest that the,rstb_1929_0001.txt,txt_rstb
1929,these,5.35,in quantity. These facts point to the,rstb_1929_0006.txt,txt_rstb
1929,these,5.35,"states, “ These facts suggest initial heterospory,",rstb_1929_0001.txt,txt_rstb
1929,these,5.35,vicinity. If these facts form a basis,rstb_1929_0004.txt,txt_rstb
1930,these,5.29,"V Using these facts to define @,,,",rsta_1930_0009.txt,txt_rsta
1930,these,5.29,the Primates. These facts suggest the following,rstb_1930_0009.txt,txt_rstb
1930,these,5.29,1 a) These facts are sufficient to,rsta_1930_0009.txt,txt_rsta
1930,these,5.29,interpretation until these facts are more numerous,rstb_1930_0003.txt,txt_rstb
1930,these,5.29,that both these facts hold good. WuU..LIAMs,rstb_1930_0004.txt,txt_rstb
1931,these,5.28,explanation of these facts we shall discuss,rstb_1931_0010.txt,txt_rstb
1931,these,5.28,the series. These facts afford substantial evidence,rstb_1931_0007.txt,txt_rstb
1931,these,5.28,emergence. All these facts support the conclusion,rstb_1931_0001.txt,txt_rstb
1931,these,5.28,of the pertinent facts for these and,rstb_1931_0009.txt,txt_rstb
1931,these,5.28,assumed that these facts are not to,rstb_1931_0008.txt,txt_rstb
1931,these,5.28,bearings of these facts are indicated and,rstb_1931_0009.txt,txt_rstb
1931,these,5.28,head-process. Whilst these facts seem to be,rstb_1931_0010.txt,txt_rstb
1931,these,5.28,test extensions. These facts taken together suggest,rstb_1931_0006.txt,txt_rstb
1931,these,5.28,summary of the facts of these crossing,rstb_1931_0002.txt,txt_rstb
1931,these,5.28,conclude from these facts that dextral break-throughs,rstb_1931_0002.txt,txt_rstb
1931,these,5.28,carboxyl group. These facts prove conclusively that,rstb_1931_0027.txt,txt_rstb
1931,these,5.28,of these discrepant facts can be brought,rstb_1931_0002.txt,txt_rstb
1932,these,5.3,of all these facts the closed peripheral,rstb_1932_0010.txt,txt_rstb
1932,these,5.3,; both these facts are about what,rsta_1932_0007.txt,txt_rsta
1932,these,5.3,account of these facts that Kurz found,rstb_1932_0007.txt,txt_rstb
1932,these,5.3,of establishing these facts and proving by,rsta_1932_0007.txt,txt_rsta
1932,these,5.3,"slightly oblique, these facts indicate that I,,",rstb_1932_0001.txt,txt_rstb
1932,these,5.3,view of these facts it seemed probable,rstb_1932_0012.txt,txt_rstb
1932,these,5.3,the apex. These facts indicate that there,rstb_1932_0001.txt,txt_rstb
1932,these,5.3,Corresponding with these facts the temporal lobe,rstb_1932_0007.txt,txt_rstb
1932,these,5.3,18. But these facts do not show,rstb_1932_0019.txt,txt_rstb
1932,these,5.3,of all these facts it appears highly,rstb_1932_0016.txt,txt_rstb
1932,these,5.3,"Having established these facts for Loris, we",rstb_1932_0002.txt,txt_rstb
1932,these,5.3,further illustrate these facts (in spite of,rstb_1932_0020.txt,txt_rstb
1932,these,5.3,of Htapteris. These facts raise questions of,rstb_1932_0010.txt,txt_rstb
1934,these,5.32,With these interesting facts on record regarding,rsta_1934_0009.txt,txt_rsta
1934,these,5.32,same. From these facts one may conclude,rstb_1934_0018.txt,txt_rstb
1934,these,5.32,same way. These facts of themselves practically,rstb_1934_0019.txt,txt_rstb
1934,these,5.32,of tracheids. These facts are contrary to,rstb_1934_0017.txt,txt_rstb
1934,these,5.32,31). These geological facts were well known,rstb_1934_0003.txt,txt_rstb
1934,these,5.32,the vertex. These facts are very clearly,rstb_1934_0010.txt,txt_rstb
1934,these,5.32,symmetrical posture. These facts throw a new,rstb_1934_0019.txt,txt_rstb
1934,these,5.32,conjunction with these facts it should be,rstb_1934_0004.txt,txt_rstb
1934,these,5.32,"to correlate these facts was unsuccessful, since",rstb_1934_0004.txt,txt_rstb
1934,these,5.32,view of these facts no general statement,rstb_1934_0002.txt,txt_rstb
1934,these,5.32,CEREBRUM. Despite these facts it seems improbable,rstb_1934_0001.txt,txt_rstb
1934,these,5.32,explanation of these facts is seen in,rstb_1934_0001.txt,txt_rstb
1934,these,5.32,recognition of these facts adds particular importance,rstb_1934_0010.txt,txt_rstb
1935,these,5.28,in regeneration. These facts tend to show,rstb_1935_0014.txt,txt_rstb
1935,these,5.28,explanation of these facts may be suggested.,rstb_1935_0007.txt,txt_rstb
1935,these,5.28,"diatom. Taking these facts into con- sideration,",rstb_1935_0008.txt,txt_rstb
1935,these,5.28,"organ. With these facts in mind, the",rstb_1935_0010.txt,txt_rstb
1935,these,5.28,"engine. , These facts and all the",rsta_1935_0013.txt,txt_rsta
1935,these,5.28,a peak. These facts may possibly indicate,rsta_1935_0013.txt,txt_rsta
1936,these,5.23,"after. With these facts as a basis,",rstb_1936_0010.txt,txt_rstb
1936,these,5.23,"of all these facts it is apparent,",rstb_1936_0012.txt,txt_rstb
1936,these,5.23,view of such facts as these it,rstb_1936_0012.txt,txt_rstb
1937,these,5.17,of saliva. These facts seem to indicate,rstb_1937_0001.txt,txt_rstb
1937,these,5.17,valve. With these facts in mind we,rstb_1937_0002.txt,txt_rstb
1937,these,5.17,April. All these facts show that there,rstb_1937_0008.txt,txt_rstb
1937,these,5.17,genital ducts. These facts give support to,rstb_1937_0003.txt,txt_rstb
1937,these,5.17,line. All these facts dispose of Heymons’s,rstb_1937_0003.txt,txt_rstb
1937,these,5.17,Taking all these facts into consideration I,rstb_1937_0015.txt,txt_rstb
1937,these,5.17,is small. These facts are tabu- lated,rstb_1937_0005.txt,txt_rstb
1937,these,5.17,brain does. These facts make one hopeful,rstb_1937_0005.txt,txt_rstb
1937,these,5.17,in echelon. These facts were patent to,rstb_1937_0005.txt,txt_rstb
1937,these,5.17,far as these facts are of value,rstb_1937_0015.txt,txt_rstb
1938,these,5.1,"gelangen”, but no facts support these speculations.",rstb_1938_0001.txt,txt_rstb
1938,these,5.1,"or X"", These facts should inspire caution",rstb_1938_0004.txt,txt_rstb
1938,these,5.1,of reaction. These facts led to the,rstb_1938_0004.txt,txt_rstb
1938,these,5.1,anti-bodies concerned. These facts suggest that when,rstb_1938_0004.txt,txt_rstb
1938,these,5.1,them unconformably. These facts were ascertained by,rstb_1938_0002.txt,txt_rstb
1938,these,5.1,of Montserrat. These facts taken together suggest,rsta_1938_0002.txt,txt_rsta
1938,these,5.1,"this earthquake. These facts should not, however,",rsta_1938_0002.txt,txt_rsta
1938,these,5.1,54). From these facts we may make,rstb_1938_0002.txt,txt_rstb
1939,these,5.21,has contributed. Certain facts about all these,rstb_1939_0007.txt,txt_rstb
1939,these,5.21,arising from these facts are: (1) That,rstb_1939_0007.txt,txt_rstb
1939,these,5.21,II. From these facts it is postulated,rstb_1939_0007.txt,txt_rstb
1940,these,5.42,of Trias. These facts strongly suggest that,rsta_1940_0008.txt,txt_rsta
1941,these,5.4,simple form. These facts suggest that we,rstb_1941_0001.txt,txt_rstb
1941,these,5.4,longer reversible. These facts are in agreement,rstb_1941_0001.txt,txt_rstb
1942,these,5.25,first year. These facts are interesting in,rstb_1942_0002.txt,txt_rstb
1946,these,5.24,x 1000. These facts were established with,rstb_1946_0004.txt,txt_rstb
1947,these,5.26,fade out. These facts again support the,rstb_1947_0001.txt,txt_rstb
1947,these,5.26,test object. These facts make the precise,rstb_1947_0004.txt,txt_rstb
1947,these,5.26,None of these facts is easy to,rstb_1947_0004.txt,txt_rstb
1947,these,5.26,"stating these same facts is, ‘that the",rstb_1947_0004.txt,txt_rstb
1947,these,5.26,"violet, retire. These facts skilfully used may",rstb_1947_0004.txt,txt_rstb
1947,these,5.26,These and other facts were produced as,rstb_1947_0002.txt,txt_rstb
1947,these,5.26,stimulus Two salient facts emerge from these,rstb_1947_0002.txt,txt_rstb
1947,these,5.26,"the time, these facts seemed extremely puzzling.",rstb_1947_0004.txt,txt_rstb
1948,these,5.28,These and other facts (e.g. that increase,rsta_1948_0011.txt,txt_rsta
1948,these,5.28,These and other facts have suggested the,rsta_1948_0011.txt,txt_rsta
1948,these,5.28,law holds; these facts can be used,rsta_1948_0008.txt,txt_rsta
1948,these,5.28,"Taken together, these facts suggest some significant",rsta_1948_0011.txt,txt_rsta
1948,these,5.28,"developmental time. These facts obviously indicate that,",rstb_1948_0008.txt,txt_rstb
1948,these,5.28,frequent. These $B facts all correspond with,rstb_1948_0004.txt,txt_rstb
1948,these,5.28,the trackway. These facts suggest at once:,rstb_1948_0005.txt,txt_rstb
1948,these,5.28,the bullet. These facts indicate that Hopkinson’s,rsta_1948_0001.txt,txt_rsta
1949,these,5.05,table 4. The facts for these species,rstb_1949_0004.txt,txt_rstb
1949,these,5.05,to doubt these facts so clearly shown,rstb_1949_0003.txt,txt_rstb
1949,these,5.05,down simultaneously. These facts cannot be explained,rstb_1949_0003.txt,txt_rstb
1949,these,5.05,view of these facts it is worth,rsta_1949_0005.txt,txt_rsta
