Context,Word,File,Directory
that several new facts are 4.8 Dr.,new,Unknown,Unknown
but the new facts immediately proved that,new,rstl_1807_0001.txt,txt_rstl
stated various new facts obtained in consequence,new,Unknown,Unknown
concealed any new facts from the scientific,new,Unknown,Unknown
chemists. All new facts must be accompanied,new,Unknown,Unknown
"yet undiscovered. Many facts indicate, that time",many,Unknown,Unknown
"sight. Many other facts might be added,",many,Unknown,Unknown
many in- teresting facts that came under,many,Unknown,Unknown
"acid. , Many facts appear more or",many,Unknown,Unknown
There are many facts of this kind,many,rstl_1805_0014.txt,txt_rstl
possession of many facts to prove-that seedling,many,rstl_1805_0006.txt,txt_rstl
adduce many more facts in support of,many,rstl_1806_0006.txt,txt_rstl
and to many facts which have been,many,rstl_1807_0001.txt,txt_rstl
strengthed by many facts and experiments. Thus,many,rstl_1807_0001.txt,txt_rstl
inflamed powder. These facts certainly render it,these,Unknown,Unknown
when such strong facts as these are,these,Unknown,Unknown
of mercury. These facts induced me to,these,Unknown,Unknown
"the wound. These facts incontestibly prove, that",these,rstl_1803_0011.txt,txt_rstl
from ascertaining these facts by experiment ;,these,Unknown,Unknown
parate them. These facts are in: absolute,these,Unknown,Unknown
"preceding instances. These facts appear to prove,",these,rstl_1804_0010.txt,txt_rstl
but upon these facts they reason differently.,these,rstl_1806_0004.txt,txt_rstl
own size. These facts prove that the,these,Unknown,Unknown
prostate gland. These facts are mentioned in,these,rstl_1806_0009.txt,txt_rstl
"When therefore, these facts are added to",these,Unknown,Unknown
the alburnum. These facts are therefore extremely,these,rstl_1807_0006.txt,txt_rstl
produces tallow. These facts may be afterwards,these,rstl_1807_0005.txt,txt_rstl
middle yessel. These facts seem fully to,these,rstl_1807_0001.txt,txt_rstl
and kanguroo. These facts throw considerable light,these,Unknown,Unknown
"phosphate. From these facts therefore, it cannot",these,rstl_1808_0016.txt,txt_rstl
"to apply these facts to support, or",these,Unknown,Unknown
"deration of these facts are, That the",these,Unknown,Unknown
that in these facts there is the,these,Unknown,Unknown
occasions? If these facts and observations appear,these,rstl_1809_0024.txt,txt_rstl
98. + These facts and the other,these,Unknown,Unknown
"and, as some facts have come under",some,Unknown,Unknown
some very interesting facts on this. =,some,Unknown,Unknown
"to state some facts and observations, in",some,rstl_1802_0001.txt,txt_rstl
have offered some facts to prove that,some,rstl_1805_0006.txt,txt_rstl
to explain some facts and establish some,some,rstl_1805_0005.txt,txt_rstl
to add some facts to those already,some,rstl_1807_0005.txt,txt_rstl
should find some facts that would throw,some,Unknown,Unknown
"sight. Many other facts might be added,",other,Unknown,Unknown
; but other facts may be adduced,other,rstl_1807_0006.txt,txt_rstl
"the other analogous facts in this page,",other,rstl_1807_0001.txt,txt_rstl
chemical alteration. Other facts likewise s0on occurred,other,rstl_1807_0001.txt,txt_rstl
compared with other facts that have been,other,Unknown,Unknown
confirms the other facts of the strength,other,Unknown,Unknown
98. + These facts and the other,other,Unknown,Unknown
and the other facts of the same,other,Unknown,Unknown
"and, as some facts have come under",have,Unknown,Unknown
"Banks, the following facts have been ascertained.",have,Unknown,Unknown
"present known, the facts which have of",have,rstl_1802_0013.txt,txt_rstl
have no positive facts that prove muriatic,have,Unknown,Unknown
have adopted. The facts which I have,have,Unknown,Unknown
From the different facts that have been,have,Unknown,Unknown
of the different facts that have been,have,Unknown,Unknown
"and instruc- tive facts have been discovered,",have,Unknown,Unknown
considering the general facts which have been,have,Unknown,Unknown
knowledge of the facts which have been,have,Unknown,Unknown
"suspect, from the facts which have been",have,Unknown,Unknown
have observed the.;same facts and similar appearances-in,have,rstl_1805_0010.txt,txt_rstl
have offered some facts to prove that,have,rstl_1805_0006.txt,txt_rstl
curious and useful facts which would have,have,Unknown,Unknown
disease. From the facts which have been,have,Unknown,Unknown
various arguments and facts which have been,have,Unknown,Unknown
"performed, whilst the facts which have been",have,Unknown,Unknown
supported by the facts which have been,have,rstl_1806_0005.txt,txt_rstl
a number of facts that have been,have,Unknown,Unknown
and to many facts which have been,have,rstl_1807_0001.txt,txt_rstl
expression of the facts that have been,have,rstl_1807_0001.txt,txt_rstl
compared with other facts that have been,have,Unknown,Unknown
"subject, still the facts that have been",have,Unknown,Unknown
inconsistent with the facts that I have,have,rstl_1808_0021.txt,txt_rstl
to have its facts faith- fully recorded,have,Unknown,Unknown
"Paper, the following facts appear to have",have,rstl_1808_0012.txt,txt_rstl
"which the different facts have been. ascertained,",have,rstl_1808_0003.txt,txt_rstl
"Brop1s, the following facts have been ascertained.",have,rstl_1808_0003.txt,txt_rstl
"account of the facts I have ascertained,",have,rstl_1809_0007.txt,txt_rstl
draw from the facts which are recorded,which,Unknown,Unknown
inspected them. The facts which deserve to,which,Unknown,Unknown
"present known, the facts which have of",which,rstl_1802_0013.txt,txt_rstl
first relate the facts on which this,which,Unknown,Unknown
have adopted. The facts which I have,which,Unknown,Unknown
considering the general facts which have been,which,Unknown,Unknown
"proved, by the facts which haye been",which,Unknown,Unknown
knowledge of the facts which have been,which,Unknown,Unknown
agree with those facts which nature permits,which,Unknown,Unknown
statement of the facts which appear to,which,Unknown,Unknown
"suspect, from the facts which have been",which,Unknown,Unknown
Paper;* which the facts (though quite correctly,which,rstl_1805_0019.txt,txt_rstl
curious and useful facts which would have,which,Unknown,Unknown
disease. From the facts which have been,which,Unknown,Unknown
various arguments and facts which have been,which,Unknown,Unknown
"performed, whilst the facts which have been",which,Unknown,Unknown
supported by the facts which have been,which,rstl_1806_0005.txt,txt_rstl
the series of facts and observations which,which,Unknown,Unknown
different. From the facts and observations which,which,rstl_1807_0005.txt,txt_rstl
and to many facts which have been,which,rstl_1807_0001.txt,txt_rstl
"text, The only facts which I am",which,Unknown,Unknown
"which the different facts have been. ascertained,",which,rstl_1808_0003.txt,txt_rstl
draw from the facts which are recorded,are,Unknown,Unknown
when such strong facts as these are,are,Unknown,Unknown
"sufficiently paradoxical. The facts last mentioned, are",are,Unknown,Unknown
that several new facts are 4.8 Dr.,are,Unknown,Unknown
"bable, when the facts hereafter detailed are",are,Unknown,Unknown
parate them. These facts are in: absolute,are,Unknown,Unknown
strong hairs. The facts now produced are,are,rstl_1804_0008.txt,txt_rstl
There are many facts of this kind,are,rstl_1805_0014.txt,txt_rstl
"went, and a-few facts are stated in",are,Unknown,Unknown
are admitted as facts by both parties;,are,rstl_1806_0004.txt,txt_rstl
prostate gland. These facts are mentioned in,are,rstl_1806_0009.txt,txt_rstl
"When therefore, these facts are added to",are,Unknown,Unknown
the alburnum. These facts are therefore extremely,are,rstl_1807_0006.txt,txt_rstl
great mass of facts that are exhibited,are,Unknown,Unknown
"that when general facts are men- tioned,",are,Unknown,Unknown
"cases. The above facts prove, that the",that,Unknown,Unknown
account for various facts that fall under,that,Unknown,Unknown
have no positive facts that prove muriatic,that,Unknown,Unknown
that several new facts are 4.8 Dr.,that,Unknown,Unknown
"* That the facts did not, with",that,rstl_1803_0004.txt,txt_rstl
"the most extraordinary facts respecting alloys, that",that,Unknown,Unknown
view of the facts and principles that,that,Unknown,Unknown
"the wound. These facts incontestibly prove, that",that,rstl_1803_0011.txt,txt_rstl
From the different facts that have been,that,Unknown,Unknown
of the different facts that have been,that,Unknown,Unknown
"proper, that the facts thus ascertained concerning",that,Unknown,Unknown
"yet undiscovered. Many facts indicate, that time",that,Unknown,Unknown
many in- teresting facts that came under,that,Unknown,Unknown
have offered some facts to prove that,that,rstl_1805_0006.txt,txt_rstl
in possession of facts to prove that,that,rstl_1805_0006.txt,txt_rstl
anxious to adduce facts to prove that,that,rstl_1806_0016.txt,txt_rstl
own size. These facts prove that the,that,Unknown,Unknown
arises from the facts that few of,that,rstl_1806_0006.txt,txt_rstl
a number of facts that have been,that,Unknown,Unknown
; all the facts prove that the,that,rstl_1807_0001.txt,txt_rstl
expression of the facts that have been,that,rstl_1807_0001.txt,txt_rstl
but the new facts immediately proved that,that,rstl_1807_0001.txt,txt_rstl
and died.* The facts shew that the,that,rstl_1807_0001.txt,txt_rstl
compared with other facts that have been,that,Unknown,Unknown
"subject, still the facts that have been",that,Unknown,Unknown
nor when the facts that haye been,that,Unknown,Unknown
inconsistent with the facts that I have,that,rstl_1808_0021.txt,txt_rstl
great mass of facts that are exhibited,that,Unknown,Unknown
"deration of these facts are, That the",that,Unknown,Unknown
should find some facts that would throw,that,Unknown,Unknown
"is supported by facts so- pointed, that",that,Unknown,Unknown
as all the facts that I had,that,Unknown,Unknown
"that when general facts are men- tioned,",that,Unknown,Unknown
that in these facts there is the,that,Unknown,Unknown
draw from the facts which are recorded,from,Unknown,Unknown
ment of the facts resulting from the,from,Unknown,Unknown
tympani. From the facts therein detailed it,from,Unknown,Unknown
inferences from the facts above related. I,from,Unknown,Unknown
From the different facts that have been,from,Unknown,Unknown
from ascertaining these facts by experiment ;,from,Unknown,Unknown
"suspect, from the facts which have been",from,Unknown,Unknown
the accumulation of facts resulting from the,from,rstl_1805_0014.txt,txt_rstl
arise from the facts observed during the:inquiry,from,Unknown,Unknown
disease. From the facts which have been,from,Unknown,Unknown
"factory, or decisive facts from any experiments",from,rstl_1806_0016.txt,txt_rstl
arises from the facts that few of,from,rstl_1806_0006.txt,txt_rstl
different. From the facts and observations which,from,rstl_1807_0005.txt,txt_rstl
concealed any new facts from the scientific,from,Unknown,Unknown
drawn from the facts related in this,from,Unknown,Unknown
"phosphate. From these facts therefore, it cannot",from,rstl_1808_0016.txt,txt_rstl
From the same facts it may be,from,Unknown,Unknown
inferences from the facts above related. I,i,Unknown,Unknown
have adopted. The facts which I have,i,Unknown,Unknown
"unfounded, as the facts I shall proceed",i,rstl_1805_0019.txt,txt_rstl
"branches. The preceding facts are, I think,",i,rstl_1806_0016.txt,txt_rstl
"text, The only facts which I am",i,Unknown,Unknown
"en- quiry, the facts however will, I",i,Unknown,Unknown
inconsistent with the facts that I have,i,rstl_1808_0021.txt,txt_rstl
the most important facts I am acquainted-,i,Unknown,Unknown
as all the facts that I had,i,Unknown,Unknown
"account of the facts I have ascertained,",i,rstl_1809_0007.txt,txt_rstl
"but, as the facts related by him",by,Unknown,Unknown
from ascertaining these facts by experiment ;,by,Unknown,Unknown
"proved, by the facts which haye been",by,Unknown,Unknown
are admitted as facts by both parties;,by,rstl_1806_0004.txt,txt_rstl
the alburnum. Several facts stated by HaLes,by,rstl_1806_0016.txt,txt_rstl
inconsistent with the facts stated by my,by,rstl_1806_0016.txt,txt_rstl
incompatible with the facts stated by HaLes,by,rstl_1806_0016.txt,txt_rstl
strengthed by any facts they were able,by,rstl_1806_0006.txt,txt_rstl
supported by the facts which have been,by,rstl_1806_0005.txt,txt_rstl
strengthed by many facts and experiments. Thus,by,rstl_1807_0001.txt,txt_rstl
"is supported by facts so- pointed, that",by,Unknown,Unknown
forded by the facts adduced is not,by,rstl_1809_0025.txt,txt_rstl
"principal cause. The facts at present ascertained,",the,rstl_1800_0007.txt,txt_rstl
the very curious facts contained in Mr.,the,rstl_1800_0009.txt,txt_rstl
"cases. The above facts prove, that the",the,Unknown,Unknown
degrees ;* and'these facts ascertain the different,the,Unknown,Unknown
draw from the facts which are recorded,the,Unknown,Unknown
"myself, render the facts less worthy of",the,Unknown,Unknown
ment of the facts resulting from the,the,Unknown,Unknown
tympani. From the facts therein detailed it,the,Unknown,Unknown
"Banks, the following facts have been ascertained.",the,Unknown,Unknown
"to distinguish' between facts observed, and the",the,Unknown,Unknown
"sufficiently paradoxical. The facts last mentioned, are",the,Unknown,Unknown
inspected them. The facts which deserve to,the,Unknown,Unknown
investigation of the facts relative to it;,the,Unknown,Unknown
"present known, the facts which have of",the,rstl_1802_0013.txt,txt_rstl
inferences from the facts above related. I,the,Unknown,Unknown
"of oxidation, Several facts in the course",the,Unknown,Unknown
"but, as the facts related by him",the,Unknown,Unknown
first relate the facts on which this,the,Unknown,Unknown
"* That the facts did not, with",the,rstl_1803_0004.txt,txt_rstl
"the most extraordinary facts respecting alloys, that",the,Unknown,Unknown
have adopted. The facts which I have,the,Unknown,Unknown
view of the facts and principles that,the,Unknown,Unknown
"the wound. These facts incontestibly prove, that",the,rstl_1803_0011.txt,txt_rstl
the accumulation of facts with regard to,the,Unknown,Unknown
"bable, when the facts hereafter detailed are",the,Unknown,Unknown
conformable to the facts generally known concerning,the,Unknown,Unknown
From the different facts that have been,the,Unknown,Unknown
of the different facts that have been,the,Unknown,Unknown
"poured. The foregoing facts being considered, it",the,Unknown,Unknown
"proper, that the facts thus ascertained concerning",the,Unknown,Unknown
only state the facts resulting'from experiments made,the,Unknown,Unknown
considering the general facts which have been,the,Unknown,Unknown
"proved, by the facts which haye been",the,Unknown,Unknown
reduced the principal facts of this Paper,the,Unknown,Unknown
to elucidate the facts he intends to,the,rstl_1804_0010.txt,txt_rstl
on the curious facts they present to,the,Unknown,Unknown
knowledge of the facts which have been,the,Unknown,Unknown
strong hairs. The facts now produced are,the,rstl_1804_0008.txt,txt_rstl
statement of the facts which appear to,the,Unknown,Unknown
consider the above facts as almost positively,the,Unknown,Unknown
"suspect, from the facts which have been",the,Unknown,Unknown
"unfounded, as the facts I shall proceed",the,rstl_1805_0019.txt,txt_rstl
Paper;* which the facts (though quite correctly,the,rstl_1805_0019.txt,txt_rstl
the accumulation of facts resulting from the,the,rstl_1805_0014.txt,txt_rstl
arise from the facts observed during the:inquiry,the,Unknown,Unknown
their consideration. The facts contained in this,the,Unknown,Unknown
all the. known facts of the circulation,the,rstl_1805_0001.txt,txt_rstl
"opponents, although the facts were admitted. 14",the,rstl_1806_0004.txt,txt_rstl
disease. From the facts which have been,the,Unknown,Unknown
the alburnum. Several facts stated by HaLes,the,rstl_1806_0016.txt,txt_rstl
inconsistent with the facts stated by my,the,rstl_1806_0016.txt,txt_rstl
"branches. The preceding facts are, I think,",the,rstl_1806_0016.txt,txt_rstl
incompatible with the facts stated by HaLes,the,rstl_1806_0016.txt,txt_rstl
own size. These facts prove that the,the,Unknown,Unknown
"performed, whilst the facts which have been",the,Unknown,Unknown
arises from the facts that few of,the,rstl_1806_0006.txt,txt_rstl
supported by the facts which have been,the,rstl_1806_0005.txt,txt_rstl
the series of facts and observations which,the,Unknown,Unknown
the alburnum. These facts are therefore extremely,the,rstl_1807_0006.txt,txt_rstl
"as the preceding facts seem to! indicate,",the,rstl_1807_0006.txt,txt_rstl
different. From the facts and observations which,the,rstl_1807_0005.txt,txt_rstl
structure. The above facts appear to throw,the,rstl_1807_0005.txt,txt_rstl
; all the facts prove that the,the,rstl_1807_0001.txt,txt_rstl
expression of the facts that have been,the,rstl_1807_0001.txt,txt_rstl
"removed, all the facts on the subject",the,rstl_1807_0001.txt,txt_rstl
": and the facts mentioned, page 25,",the,rstl_1807_0001.txt,txt_rstl
"the other analogous facts in this page,",the,rstl_1807_0001.txt,txt_rstl
"the fore- going Facts and Principles, and",the,rstl_1807_0001.txt,txt_rstl
but the new facts immediately proved that,the,rstl_1807_0001.txt,txt_rstl
of the general facts and principles to,the,rstl_1807_0001.txt,txt_rstl
and died.* The facts shew that the,the,rstl_1807_0001.txt,txt_rstl
concealed any new facts from the scientific,the,Unknown,Unknown
"text, The only facts which I am",the,Unknown,Unknown
applied to the facts of the metallization,the,Unknown,Unknown
"them. The general facts of the combustion,",the,Unknown,Unknown
"subject, still the facts that have been",the,Unknown,Unknown
* Since the facts in this Paper,the,Unknown,Unknown
nor when the facts that haye been,the,Unknown,Unknown
"com- mon chemical facts ; the last,",the,Unknown,Unknown
"be established, the facts belonging to ammouium",the,Unknown,Unknown
"en- quiry, the facts however will, I",the,Unknown,Unknown
inconsistent with the facts that I have,the,rstl_1808_0021.txt,txt_rstl
drawn from the facts related in this,the,Unknown,Unknown
the most important facts I am acquainted-,the,Unknown,Unknown
whether' the curious facts so profusely exhibited,the,Unknown,Unknown
better understand the facts T am proceeding,the,Unknown,Unknown
"deration of these facts are, That the",the,Unknown,Unknown
"Paper, the following facts appear to have",the,rstl_1808_0012.txt,txt_rstl
"to adduce such facts as, in the",the,rstl_1808_0007.txt,txt_rstl
as all the facts that I had,the,Unknown,Unknown
results of the facts and observations related,the,Unknown,Unknown
added to the facts contained in his,the,Unknown,Unknown
"which the different facts have been. ascertained,",the,rstl_1808_0003.txt,txt_rstl
"Brop1s, the following facts have been ascertained.",the,rstl_1808_0003.txt,txt_rstl
that in these facts there is the,the,Unknown,Unknown
confirms the other facts of the strength,the,Unknown,Unknown
From the same facts it may be,the,Unknown,Unknown
and though the facts cannot be easily,the,Unknown,Unknown
forded by the facts adduced is not,the,rstl_1809_0025.txt,txt_rstl
sufficient number of facts to-point out the,the,rstl_1809_0011.txt,txt_rstl
the prin- cipal facts relating to chemistry,the,rstl_1809_0008.txt,txt_rstl
sufficient number of facts relating to the,the,rstl_1809_0008.txt,txt_rstl
"account of the facts I have ascertained,",the,rstl_1809_0007.txt,txt_rstl
98. + These facts and the other,the,Unknown,Unknown
and the other facts of the same,the,Unknown,Unknown
hygrometrical tests. The facts advanced in this,the,Unknown,Unknown
"principal cause. The facts at present ascertained,",the,rstl_1800_0007.txt,txt_rstl
the very curious facts contained in Mr.,the,rstl_1800_0009.txt,txt_rstl
"cases. The above facts prove, that the",the,Unknown,Unknown
degrees ;* and'these facts ascertain the different,the,Unknown,Unknown
draw from the facts which are recorded,the,Unknown,Unknown
"myself, render the facts less worthy of",the,Unknown,Unknown
ment of the facts resulting from the,the,Unknown,Unknown
tympani. From the facts therein detailed it,the,Unknown,Unknown
"Banks, the following facts have been ascertained.",the,Unknown,Unknown
"to distinguish' between facts observed, and the",the,Unknown,Unknown
"sufficiently paradoxical. The facts last mentioned, are",the,Unknown,Unknown
inspected them. The facts which deserve to,the,Unknown,Unknown
investigation of the facts relative to it;,the,Unknown,Unknown
"present known, the facts which have of",the,rstl_1802_0013.txt,txt_rstl
inferences from the facts above related. I,the,Unknown,Unknown
"of oxidation, Several facts in the course",the,Unknown,Unknown
"but, as the facts related by him",the,Unknown,Unknown
first relate the facts on which this,the,Unknown,Unknown
"* That the facts did not, with",the,rstl_1803_0004.txt,txt_rstl
"the most extraordinary facts respecting alloys, that",the,Unknown,Unknown
have adopted. The facts which I have,the,Unknown,Unknown
view of the facts and principles that,the,Unknown,Unknown
"the wound. These facts incontestibly prove, that",the,rstl_1803_0011.txt,txt_rstl
the accumulation of facts with regard to,the,Unknown,Unknown
"bable, when the facts hereafter detailed are",the,Unknown,Unknown
conformable to the facts generally known concerning,the,Unknown,Unknown
From the different facts that have been,the,Unknown,Unknown
of the different facts that have been,the,Unknown,Unknown
"poured. The foregoing facts being considered, it",the,Unknown,Unknown
"proper, that the facts thus ascertained concerning",the,Unknown,Unknown
only state the facts resulting'from experiments made,the,Unknown,Unknown
considering the general facts which have been,the,Unknown,Unknown
"proved, by the facts which haye been",the,Unknown,Unknown
reduced the principal facts of this Paper,the,Unknown,Unknown
to elucidate the facts he intends to,the,rstl_1804_0010.txt,txt_rstl
on the curious facts they present to,the,Unknown,Unknown
knowledge of the facts which have been,the,Unknown,Unknown
strong hairs. The facts now produced are,the,rstl_1804_0008.txt,txt_rstl
statement of the facts which appear to,the,Unknown,Unknown
consider the above facts as almost positively,the,Unknown,Unknown
"suspect, from the facts which have been",the,Unknown,Unknown
"unfounded, as the facts I shall proceed",the,rstl_1805_0019.txt,txt_rstl
Paper;* which the facts (though quite correctly,the,rstl_1805_0019.txt,txt_rstl
the accumulation of facts resulting from the,the,rstl_1805_0014.txt,txt_rstl
arise from the facts observed during the:inquiry,the,Unknown,Unknown
their consideration. The facts contained in this,the,Unknown,Unknown
all the. known facts of the circulation,the,rstl_1805_0001.txt,txt_rstl
"opponents, although the facts were admitted. 14",the,rstl_1806_0004.txt,txt_rstl
disease. From the facts which have been,the,Unknown,Unknown
the alburnum. Several facts stated by HaLes,the,rstl_1806_0016.txt,txt_rstl
inconsistent with the facts stated by my,the,rstl_1806_0016.txt,txt_rstl
"branches. The preceding facts are, I think,",the,rstl_1806_0016.txt,txt_rstl
incompatible with the facts stated by HaLes,the,rstl_1806_0016.txt,txt_rstl
own size. These facts prove that the,the,Unknown,Unknown
"performed, whilst the facts which have been",the,Unknown,Unknown
arises from the facts that few of,the,rstl_1806_0006.txt,txt_rstl
supported by the facts which have been,the,rstl_1806_0005.txt,txt_rstl
the series of facts and observations which,the,Unknown,Unknown
the alburnum. These facts are therefore extremely,the,rstl_1807_0006.txt,txt_rstl
"as the preceding facts seem to! indicate,",the,rstl_1807_0006.txt,txt_rstl
different. From the facts and observations which,the,rstl_1807_0005.txt,txt_rstl
structure. The above facts appear to throw,the,rstl_1807_0005.txt,txt_rstl
; all the facts prove that the,the,rstl_1807_0001.txt,txt_rstl
expression of the facts that have been,the,rstl_1807_0001.txt,txt_rstl
"removed, all the facts on the subject",the,rstl_1807_0001.txt,txt_rstl
": and the facts mentioned, page 25,",the,rstl_1807_0001.txt,txt_rstl
"the other analogous facts in this page,",the,rstl_1807_0001.txt,txt_rstl
"the fore- going Facts and Principles, and",the,rstl_1807_0001.txt,txt_rstl
but the new facts immediately proved that,the,rstl_1807_0001.txt,txt_rstl
of the general facts and principles to,the,rstl_1807_0001.txt,txt_rstl
and died.* The facts shew that the,the,rstl_1807_0001.txt,txt_rstl
concealed any new facts from the scientific,the,Unknown,Unknown
"text, The only facts which I am",the,Unknown,Unknown
applied to the facts of the metallization,the,Unknown,Unknown
"them. The general facts of the combustion,",the,Unknown,Unknown
"subject, still the facts that have been",the,Unknown,Unknown
* Since the facts in this Paper,the,Unknown,Unknown
nor when the facts that haye been,the,Unknown,Unknown
"com- mon chemical facts ; the last,",the,Unknown,Unknown
"be established, the facts belonging to ammouium",the,Unknown,Unknown
"en- quiry, the facts however will, I",the,Unknown,Unknown
inconsistent with the facts that I have,the,rstl_1808_0021.txt,txt_rstl
drawn from the facts related in this,the,Unknown,Unknown
the most important facts I am acquainted-,the,Unknown,Unknown
whether' the curious facts so profusely exhibited,the,Unknown,Unknown
better understand the facts T am proceeding,the,Unknown,Unknown
"deration of these facts are, That the",the,Unknown,Unknown
"Paper, the following facts appear to have",the,rstl_1808_0012.txt,txt_rstl
"to adduce such facts as, in the",the,rstl_1808_0007.txt,txt_rstl
as all the facts that I had,the,Unknown,Unknown
results of the facts and observations related,the,Unknown,Unknown
added to the facts contained in his,the,Unknown,Unknown
"which the different facts have been. ascertained,",the,rstl_1808_0003.txt,txt_rstl
"Brop1s, the following facts have been ascertained.",the,rstl_1808_0003.txt,txt_rstl
that in these facts there is the,the,Unknown,Unknown
confirms the other facts of the strength,the,Unknown,Unknown
From the same facts it may be,the,Unknown,Unknown
and though the facts cannot be easily,the,Unknown,Unknown
forded by the facts adduced is not,the,rstl_1809_0025.txt,txt_rstl
sufficient number of facts to-point out the,the,rstl_1809_0011.txt,txt_rstl
the prin- cipal facts relating to chemistry,the,rstl_1809_0008.txt,txt_rstl
sufficient number of facts relating to the,the,rstl_1809_0008.txt,txt_rstl
"account of the facts I have ascertained,",the,rstl_1809_0007.txt,txt_rstl
98. + These facts and the other,the,Unknown,Unknown
and the other facts of the same,the,Unknown,Unknown
hygrometrical tests. The facts advanced in this,the,Unknown,Unknown
of mercury. These facts induced me to,to,Unknown,Unknown
"to distinguish' between facts observed, and the",to,Unknown,Unknown
inspected them. The facts which deserve to,to,Unknown,Unknown
investigation of the facts relative to it;,to,Unknown,Unknown
a variety of facts seems to render,to,Unknown,Unknown
"to state some facts and observations, in",to,rstl_1802_0001.txt,txt_rstl
as a few facts stated to corroborate,to,Unknown,Unknown
the accumulation of facts with regard to,to,Unknown,Unknown
conformable to the facts generally known concerning,to,Unknown,Unknown
"preceding instances. These facts appear to prove,",to,rstl_1804_0010.txt,txt_rstl
to elucidate the facts he intends to,to,rstl_1804_0010.txt,txt_rstl
on the curious facts they present to,to,Unknown,Unknown
statement of the facts which appear to,to,Unknown,Unknown
"in possession of facts to decide, not",to,rstl_1805_0019.txt,txt_rstl
have offered some facts to prove that,to,rstl_1805_0006.txt,txt_rstl
possession of many facts to prove-that seedling,to,rstl_1805_0006.txt,txt_rstl
in possession of facts to prove that,to,rstl_1805_0006.txt,txt_rstl
to explain some facts and establish some,to,rstl_1805_0005.txt,txt_rstl
anxious to adduce facts to prove that,to,rstl_1806_0016.txt,txt_rstl
"When therefore, these facts are added to",to,Unknown,Unknown
structure. The above facts appear to throw,to,rstl_1807_0005.txt,txt_rstl
to add some facts to those already,to,rstl_1807_0005.txt,txt_rstl
and to many facts which have been,to,rstl_1807_0001.txt,txt_rstl
middle yessel. These facts seem fully to,to,rstl_1807_0001.txt,txt_rstl
of the general facts and principles to,to,rstl_1807_0001.txt,txt_rstl
applied to the facts of the metallization,to,Unknown,Unknown
"be established, the facts belonging to ammouium",to,Unknown,Unknown
to have its facts faith- fully recorded,to,Unknown,Unknown
on such subjects. Facts applicable to geological,to,Unknown,Unknown
"to apply these facts to support, or",to,Unknown,Unknown
"Paper, the following facts appear to have",to,rstl_1808_0012.txt,txt_rstl
"to adduce such facts as, in the",to,rstl_1808_0007.txt,txt_rstl
added to the facts contained in his,to,Unknown,Unknown
the prin- cipal facts relating to chemistry,to,rstl_1809_0008.txt,txt_rstl
sufficient number of facts relating to the,to,rstl_1809_0008.txt,txt_rstl
of mercury. These facts induced me to,to,Unknown,Unknown
"to distinguish' between facts observed, and the",to,Unknown,Unknown
inspected them. The facts which deserve to,to,Unknown,Unknown
investigation of the facts relative to it;,to,Unknown,Unknown
a variety of facts seems to render,to,Unknown,Unknown
"to state some facts and observations, in",to,rstl_1802_0001.txt,txt_rstl
as a few facts stated to corroborate,to,Unknown,Unknown
the accumulation of facts with regard to,to,Unknown,Unknown
conformable to the facts generally known concerning,to,Unknown,Unknown
"preceding instances. These facts appear to prove,",to,rstl_1804_0010.txt,txt_rstl
to elucidate the facts he intends to,to,rstl_1804_0010.txt,txt_rstl
on the curious facts they present to,to,Unknown,Unknown
statement of the facts which appear to,to,Unknown,Unknown
"in possession of facts to decide, not",to,rstl_1805_0019.txt,txt_rstl
have offered some facts to prove that,to,rstl_1805_0006.txt,txt_rstl
possession of many facts to prove-that seedling,to,rstl_1805_0006.txt,txt_rstl
in possession of facts to prove that,to,rstl_1805_0006.txt,txt_rstl
to explain some facts and establish some,to,rstl_1805_0005.txt,txt_rstl
anxious to adduce facts to prove that,to,rstl_1806_0016.txt,txt_rstl
"When therefore, these facts are added to",to,Unknown,Unknown
structure. The above facts appear to throw,to,rstl_1807_0005.txt,txt_rstl
to add some facts to those already,to,rstl_1807_0005.txt,txt_rstl
and to many facts which have been,to,rstl_1807_0001.txt,txt_rstl
middle yessel. These facts seem fully to,to,rstl_1807_0001.txt,txt_rstl
of the general facts and principles to,to,rstl_1807_0001.txt,txt_rstl
applied to the facts of the metallization,to,Unknown,Unknown
"be established, the facts belonging to ammouium",to,Unknown,Unknown
to have its facts faith- fully recorded,to,Unknown,Unknown
on such subjects. Facts applicable to geological,to,Unknown,Unknown
"to apply these facts to support, or",to,Unknown,Unknown
"Paper, the following facts appear to have",to,rstl_1808_0012.txt,txt_rstl
"to adduce such facts as, in the",to,rstl_1808_0007.txt,txt_rstl
added to the facts contained in his,to,Unknown,Unknown
the prin- cipal facts relating to chemistry,to,rstl_1809_0008.txt,txt_rstl
sufficient number of facts relating to the,to,rstl_1809_0008.txt,txt_rstl
inflamed powder. These facts certainly render it,it,Unknown,Unknown
tympani. From the facts therein detailed it,it,Unknown,Unknown
"poured. The foregoing facts being considered, it",it,Unknown,Unknown
"water. l 'These facts rendered it probable,",it,rstl_1807_0001.txt,txt_rstl
"phosphate. From these facts therefore, it cannot",it,rstl_1808_0016.txt,txt_rstl
From the same facts it may be,it,Unknown,Unknown
the very curious facts contained in Mr.,in,rstl_1800_0009.txt,txt_rstl
assist in collecting facts upon this subject.,in,Unknown,Unknown
"of oxidation, Several facts in the course",in,Unknown,Unknown
"to state some facts and observations, in",in,rstl_1802_0001.txt,txt_rstl
"Nature of Heat, facts they establish, in",in,Unknown,Unknown
"in possession of facts to decide, not",in,rstl_1805_0019.txt,txt_rstl
"went, and a-few facts are stated in",in,Unknown,Unknown
their consideration. The facts contained in this,in,Unknown,Unknown
in possession of facts to prove that,in,rstl_1805_0006.txt,txt_rstl
prostate gland. These facts are mentioned in,in,rstl_1806_0009.txt,txt_rstl
adduce many more facts in support of,in,rstl_1806_0006.txt,txt_rstl
"the other analogous facts in this page,",in,rstl_1807_0001.txt,txt_rstl
and most mysterious facts in geology. And,in,rstl_1807_0001.txt,txt_rstl
stated various new facts obtained in consequence,in,Unknown,Unknown
* Since the facts in this Paper,in,Unknown,Unknown
drawn from the facts related in this,in,Unknown,Unknown
"to adduce such facts as, in the",in,rstl_1808_0007.txt,txt_rstl
added to the facts contained in his,in,Unknown,Unknown
that in these facts there is the,in,Unknown,Unknown
hygrometrical tests. The facts advanced in this,in,Unknown,Unknown
"to distinguish' between facts observed, and the",and,Unknown,Unknown
"to state some facts and observations, in",and,rstl_1802_0001.txt,txt_rstl
view of the facts and principles that,and,Unknown,Unknown
"and instruc- tive facts have been discovered,",and,Unknown,Unknown
"discovery of these-extraordinary facts surprised me, and",and,Unknown,Unknown
have observed the.;same facts and similar appearances-in,and,rstl_1805_0010.txt,txt_rstl
"went, and a-few facts are stated in",and,Unknown,Unknown
to explain some facts and establish some,and,rstl_1805_0005.txt,txt_rstl
"turns, proved unsatisfactory. Facts and Experiments tending",and,rstl_1805_0001.txt,txt_rstl
curious and useful facts which would have,and,Unknown,Unknown
various arguments and facts which have been,and,Unknown,Unknown
the series of facts and observations which,and,Unknown,Unknown
different. From the facts and observations which,and,rstl_1807_0005.txt,txt_rstl
and to many facts which have been,and,rstl_1807_0001.txt,txt_rstl
": and the facts mentioned, page 25,",and,rstl_1807_0001.txt,txt_rstl
strengthed by many facts and experiments. Thus,and,rstl_1807_0001.txt,txt_rstl
"the fore- going Facts and Principles, and",and,rstl_1807_0001.txt,txt_rstl
of the general facts and principles to,and,rstl_1807_0001.txt,txt_rstl
and died.* The facts shew that the,and,rstl_1807_0001.txt,txt_rstl
and most mysterious facts in geology. And,and,rstl_1807_0001.txt,txt_rstl
and kanguroo. These facts throw considerable light,and,Unknown,Unknown
"25, 1808. Tis facts and rexilts intended",and,rstl_1808_0011.txt,txt_rstl
results of the facts and observations related,and,Unknown,Unknown
and though the facts cannot be easily,and,Unknown,Unknown
occasions? If these facts and observations appear,and,rstl_1809_0024.txt,txt_rstl
98. + These facts and the other,and,Unknown,Unknown
and the other facts of the same,and,Unknown,Unknown
"myself, render the facts less worthy of",of,Unknown,Unknown
ment of the facts resulting from the,of,Unknown,Unknown
of mercury. These facts induced me to,of,Unknown,Unknown
investigation of the facts relative to it;,of,Unknown,Unknown
"present known, the facts which have of",of,rstl_1802_0013.txt,txt_rstl
a variety of facts seems to render,of,Unknown,Unknown
"of oxidation, Several facts in the course",of,Unknown,Unknown
view of the facts and principles that,of,Unknown,Unknown
the accumulation of facts with regard to,of,Unknown,Unknown
of the different facts that have been,of,Unknown,Unknown
reduced the principal facts of this Paper,of,Unknown,Unknown
"discovery of these-extraordinary facts surprised me, and",of,Unknown,Unknown
"Nature of Heat, facts they establish, in",of,Unknown,Unknown
knowledge of the facts which have been,of,Unknown,Unknown
statement of the facts which appear to,of,Unknown,Unknown
"in possession of facts to decide, not",of,rstl_1805_0019.txt,txt_rstl
There are many facts of this kind,of,rstl_1805_0014.txt,txt_rstl
the accumulation of facts resulting from the,of,rstl_1805_0014.txt,txt_rstl
possession of many facts to prove-that seedling,of,rstl_1805_0006.txt,txt_rstl
in possession of facts to prove that,of,rstl_1805_0006.txt,txt_rstl
all the. known facts of the circulation,of,rstl_1805_0001.txt,txt_rstl
adduce many more facts in support of,of,rstl_1806_0006.txt,txt_rstl
arises from the facts that few of,of,rstl_1806_0006.txt,txt_rstl
a number of facts that have been,of,Unknown,Unknown
the series of facts and observations which,of,Unknown,Unknown
expression of the facts that have been,of,rstl_1807_0001.txt,txt_rstl
of the general facts and principles to,of,rstl_1807_0001.txt,txt_rstl
applied to the facts of the metallization,of,Unknown,Unknown
"them. The general facts of the combustion,",of,Unknown,Unknown
great mass of facts that are exhibited,of,Unknown,Unknown
"deration of these facts are, That the",of,Unknown,Unknown
results of the facts and observations related,of,Unknown,Unknown
confirms the other facts of the strength,of,Unknown,Unknown
generalization of chemical facts is yet far,of,Unknown,Unknown
sufficient number of facts to-point out the,of,rstl_1809_0011.txt,txt_rstl
sufficient number of facts relating to the,of,rstl_1809_0008.txt,txt_rstl
"account of the facts I have ascertained,",of,rstl_1809_0007.txt,txt_rstl
and the other facts of the same,of,Unknown,Unknown
of mercury. These facts induced me to,to,Unknown,Unknown
"to distinguish' between facts observed, and the",to,Unknown,Unknown
inspected them. The facts which deserve to,to,Unknown,Unknown
investigation of the facts relative to it;,to,Unknown,Unknown
a variety of facts seems to render,to,Unknown,Unknown
"to state some facts and observations, in",to,rstl_1802_0001.txt,txt_rstl
as a few facts stated to corroborate,to,Unknown,Unknown
the accumulation of facts with regard to,to,Unknown,Unknown
conformable to the facts generally known concerning,to,Unknown,Unknown
"preceding instances. These facts appear to prove,",to,rstl_1804_0010.txt,txt_rstl
to elucidate the facts he intends to,to,rstl_1804_0010.txt,txt_rstl
on the curious facts they present to,to,Unknown,Unknown
statement of the facts which appear to,to,Unknown,Unknown
"in possession of facts to decide, not",to,rstl_1805_0019.txt,txt_rstl
have offered some facts to prove that,to,rstl_1805_0006.txt,txt_rstl
possession of many facts to prove-that seedling,to,rstl_1805_0006.txt,txt_rstl
in possession of facts to prove that,to,rstl_1805_0006.txt,txt_rstl
to explain some facts and establish some,to,rstl_1805_0005.txt,txt_rstl
anxious to adduce facts to prove that,to,rstl_1806_0016.txt,txt_rstl
"When therefore, these facts are added to",to,Unknown,Unknown
structure. The above facts appear to throw,to,rstl_1807_0005.txt,txt_rstl
to add some facts to those already,to,rstl_1807_0005.txt,txt_rstl
and to many facts which have been,to,rstl_1807_0001.txt,txt_rstl
middle yessel. These facts seem fully to,to,rstl_1807_0001.txt,txt_rstl
of the general facts and principles to,to,rstl_1807_0001.txt,txt_rstl
applied to the facts of the metallization,to,Unknown,Unknown
"be established, the facts belonging to ammouium",to,Unknown,Unknown
to have its facts faith- fully recorded,to,Unknown,Unknown
on such subjects. Facts applicable to geological,to,Unknown,Unknown
"to apply these facts to support, or",to,Unknown,Unknown
"Paper, the following facts appear to have",to,rstl_1808_0012.txt,txt_rstl
"to adduce such facts as, in the",to,rstl_1808_0007.txt,txt_rstl
added to the facts contained in his,to,Unknown,Unknown
the prin- cipal facts relating to chemistry,to,rstl_1809_0008.txt,txt_rstl
sufficient number of facts relating to the,to,rstl_1809_0008.txt,txt_rstl
of mercury. These facts induced me to,to,Unknown,Unknown
"to distinguish' between facts observed, and the",to,Unknown,Unknown
inspected them. The facts which deserve to,to,Unknown,Unknown
investigation of the facts relative to it;,to,Unknown,Unknown
a variety of facts seems to render,to,Unknown,Unknown
"to state some facts and observations, in",to,rstl_1802_0001.txt,txt_rstl
as a few facts stated to corroborate,to,Unknown,Unknown
the accumulation of facts with regard to,to,Unknown,Unknown
conformable to the facts generally known concerning,to,Unknown,Unknown
"preceding instances. These facts appear to prove,",to,rstl_1804_0010.txt,txt_rstl
to elucidate the facts he intends to,to,rstl_1804_0010.txt,txt_rstl
on the curious facts they present to,to,Unknown,Unknown
statement of the facts which appear to,to,Unknown,Unknown
"in possession of facts to decide, not",to,rstl_1805_0019.txt,txt_rstl
have offered some facts to prove that,to,rstl_1805_0006.txt,txt_rstl
possession of many facts to prove-that seedling,to,rstl_1805_0006.txt,txt_rstl
in possession of facts to prove that,to,rstl_1805_0006.txt,txt_rstl
to explain some facts and establish some,to,rstl_1805_0005.txt,txt_rstl
anxious to adduce facts to prove that,to,rstl_1806_0016.txt,txt_rstl
"When therefore, these facts are added to",to,Unknown,Unknown
structure. The above facts appear to throw,to,rstl_1807_0005.txt,txt_rstl
to add some facts to those already,to,rstl_1807_0005.txt,txt_rstl
and to many facts which have been,to,rstl_1807_0001.txt,txt_rstl
middle yessel. These facts seem fully to,to,rstl_1807_0001.txt,txt_rstl
of the general facts and principles to,to,rstl_1807_0001.txt,txt_rstl
applied to the facts of the metallization,to,Unknown,Unknown
"be established, the facts belonging to ammouium",to,Unknown,Unknown
to have its facts faith- fully recorded,to,Unknown,Unknown
on such subjects. Facts applicable to geological,to,Unknown,Unknown
"to apply these facts to support, or",to,Unknown,Unknown
"Paper, the following facts appear to have",to,rstl_1808_0012.txt,txt_rstl
"to adduce such facts as, in the",to,rstl_1808_0007.txt,txt_rstl
added to the facts contained in his,to,Unknown,Unknown
the prin- cipal facts relating to chemistry,to,rstl_1809_0008.txt,txt_rstl
sufficient number of facts relating to the,to,rstl_1809_0008.txt,txt_rstl
"principal cause. The facts at present ascertained,",the,rstl_1800_0007.txt,txt_rstl
the very curious facts contained in Mr.,the,rstl_1800_0009.txt,txt_rstl
"cases. The above facts prove, that the",the,Unknown,Unknown
degrees ;* and'these facts ascertain the different,the,Unknown,Unknown
draw from the facts which are recorded,the,Unknown,Unknown
"myself, render the facts less worthy of",the,Unknown,Unknown
ment of the facts resulting from the,the,Unknown,Unknown
tympani. From the facts therein detailed it,the,Unknown,Unknown
"Banks, the following facts have been ascertained.",the,Unknown,Unknown
"to distinguish' between facts observed, and the",the,Unknown,Unknown
"sufficiently paradoxical. The facts last mentioned, are",the,Unknown,Unknown
inspected them. The facts which deserve to,the,Unknown,Unknown
investigation of the facts relative to it;,the,Unknown,Unknown
"present known, the facts which have of",the,rstl_1802_0013.txt,txt_rstl
inferences from the facts above related. I,the,Unknown,Unknown
"of oxidation, Several facts in the course",the,Unknown,Unknown
"but, as the facts related by him",the,Unknown,Unknown
first relate the facts on which this,the,Unknown,Unknown
"* That the facts did not, with",the,rstl_1803_0004.txt,txt_rstl
"the most extraordinary facts respecting alloys, that",the,Unknown,Unknown
have adopted. The facts which I have,the,Unknown,Unknown
view of the facts and principles that,the,Unknown,Unknown
"the wound. These facts incontestibly prove, that",the,rstl_1803_0011.txt,txt_rstl
the accumulation of facts with regard to,the,Unknown,Unknown
"bable, when the facts hereafter detailed are",the,Unknown,Unknown
conformable to the facts generally known concerning,the,Unknown,Unknown
From the different facts that have been,the,Unknown,Unknown
of the different facts that have been,the,Unknown,Unknown
"poured. The foregoing facts being considered, it",the,Unknown,Unknown
"proper, that the facts thus ascertained concerning",the,Unknown,Unknown
only state the facts resulting'from experiments made,the,Unknown,Unknown
considering the general facts which have been,the,Unknown,Unknown
"proved, by the facts which haye been",the,Unknown,Unknown
reduced the principal facts of this Paper,the,Unknown,Unknown
to elucidate the facts he intends to,the,rstl_1804_0010.txt,txt_rstl
on the curious facts they present to,the,Unknown,Unknown
knowledge of the facts which have been,the,Unknown,Unknown
strong hairs. The facts now produced are,the,rstl_1804_0008.txt,txt_rstl
statement of the facts which appear to,the,Unknown,Unknown
consider the above facts as almost positively,the,Unknown,Unknown
"suspect, from the facts which have been",the,Unknown,Unknown
"unfounded, as the facts I shall proceed",the,rstl_1805_0019.txt,txt_rstl
Paper;* which the facts (though quite correctly,the,rstl_1805_0019.txt,txt_rstl
the accumulation of facts resulting from the,the,rstl_1805_0014.txt,txt_rstl
arise from the facts observed during the:inquiry,the,Unknown,Unknown
their consideration. The facts contained in this,the,Unknown,Unknown
all the. known facts of the circulation,the,rstl_1805_0001.txt,txt_rstl
"opponents, although the facts were admitted. 14",the,rstl_1806_0004.txt,txt_rstl
disease. From the facts which have been,the,Unknown,Unknown
the alburnum. Several facts stated by HaLes,the,rstl_1806_0016.txt,txt_rstl
inconsistent with the facts stated by my,the,rstl_1806_0016.txt,txt_rstl
"branches. The preceding facts are, I think,",the,rstl_1806_0016.txt,txt_rstl
incompatible with the facts stated by HaLes,the,rstl_1806_0016.txt,txt_rstl
own size. These facts prove that the,the,Unknown,Unknown
"performed, whilst the facts which have been",the,Unknown,Unknown
arises from the facts that few of,the,rstl_1806_0006.txt,txt_rstl
supported by the facts which have been,the,rstl_1806_0005.txt,txt_rstl
the series of facts and observations which,the,Unknown,Unknown
the alburnum. These facts are therefore extremely,the,rstl_1807_0006.txt,txt_rstl
"as the preceding facts seem to! indicate,",the,rstl_1807_0006.txt,txt_rstl
different. From the facts and observations which,the,rstl_1807_0005.txt,txt_rstl
structure. The above facts appear to throw,the,rstl_1807_0005.txt,txt_rstl
; all the facts prove that the,the,rstl_1807_0001.txt,txt_rstl
expression of the facts that have been,the,rstl_1807_0001.txt,txt_rstl
"removed, all the facts on the subject",the,rstl_1807_0001.txt,txt_rstl
": and the facts mentioned, page 25,",the,rstl_1807_0001.txt,txt_rstl
"the other analogous facts in this page,",the,rstl_1807_0001.txt,txt_rstl
"the fore- going Facts and Principles, and",the,rstl_1807_0001.txt,txt_rstl
but the new facts immediately proved that,the,rstl_1807_0001.txt,txt_rstl
of the general facts and principles to,the,rstl_1807_0001.txt,txt_rstl
and died.* The facts shew that the,the,rstl_1807_0001.txt,txt_rstl
concealed any new facts from the scientific,the,Unknown,Unknown
"text, The only facts which I am",the,Unknown,Unknown
applied to the facts of the metallization,the,Unknown,Unknown
"them. The general facts of the combustion,",the,Unknown,Unknown
"subject, still the facts that have been",the,Unknown,Unknown
* Since the facts in this Paper,the,Unknown,Unknown
nor when the facts that haye been,the,Unknown,Unknown
"com- mon chemical facts ; the last,",the,Unknown,Unknown
"be established, the facts belonging to ammouium",the,Unknown,Unknown
"en- quiry, the facts however will, I",the,Unknown,Unknown
inconsistent with the facts that I have,the,rstl_1808_0021.txt,txt_rstl
drawn from the facts related in this,the,Unknown,Unknown
the most important facts I am acquainted-,the,Unknown,Unknown
whether' the curious facts so profusely exhibited,the,Unknown,Unknown
better understand the facts T am proceeding,the,Unknown,Unknown
"deration of these facts are, That the",the,Unknown,Unknown
"Paper, the following facts appear to have",the,rstl_1808_0012.txt,txt_rstl
"to adduce such facts as, in the",the,rstl_1808_0007.txt,txt_rstl
as all the facts that I had,the,Unknown,Unknown
results of the facts and observations related,the,Unknown,Unknown
added to the facts contained in his,the,Unknown,Unknown
"which the different facts have been. ascertained,",the,rstl_1808_0003.txt,txt_rstl
"Brop1s, the following facts have been ascertained.",the,rstl_1808_0003.txt,txt_rstl
that in these facts there is the,the,Unknown,Unknown
confirms the other facts of the strength,the,Unknown,Unknown
From the same facts it may be,the,Unknown,Unknown
and though the facts cannot be easily,the,Unknown,Unknown
forded by the facts adduced is not,the,rstl_1809_0025.txt,txt_rstl
sufficient number of facts to-point out the,the,rstl_1809_0011.txt,txt_rstl
the prin- cipal facts relating to chemistry,the,rstl_1809_0008.txt,txt_rstl
sufficient number of facts relating to the,the,rstl_1809_0008.txt,txt_rstl
"account of the facts I have ascertained,",the,rstl_1809_0007.txt,txt_rstl
98. + These facts and the other,the,Unknown,Unknown
and the other facts of the same,the,Unknown,Unknown
hygrometrical tests. The facts advanced in this,the,Unknown,Unknown
"principal cause. The facts at present ascertained,",the,rstl_1800_0007.txt,txt_rstl
the very curious facts contained in Mr.,the,rstl_1800_0009.txt,txt_rstl
"cases. The above facts prove, that the",the,Unknown,Unknown
degrees ;* and'these facts ascertain the different,the,Unknown,Unknown
draw from the facts which are recorded,the,Unknown,Unknown
"myself, render the facts less worthy of",the,Unknown,Unknown
ment of the facts resulting from the,the,Unknown,Unknown
tympani. From the facts therein detailed it,the,Unknown,Unknown
"Banks, the following facts have been ascertained.",the,Unknown,Unknown
"to distinguish' between facts observed, and the",the,Unknown,Unknown
"sufficiently paradoxical. The facts last mentioned, are",the,Unknown,Unknown
inspected them. The facts which deserve to,the,Unknown,Unknown
investigation of the facts relative to it;,the,Unknown,Unknown
"present known, the facts which have of",the,rstl_1802_0013.txt,txt_rstl
inferences from the facts above related. I,the,Unknown,Unknown
"of oxidation, Several facts in the course",the,Unknown,Unknown
"but, as the facts related by him",the,Unknown,Unknown
first relate the facts on which this,the,Unknown,Unknown
"* That the facts did not, with",the,rstl_1803_0004.txt,txt_rstl
"the most extraordinary facts respecting alloys, that",the,Unknown,Unknown
have adopted. The facts which I have,the,Unknown,Unknown
view of the facts and principles that,the,Unknown,Unknown
"the wound. These facts incontestibly prove, that",the,rstl_1803_0011.txt,txt_rstl
the accumulation of facts with regard to,the,Unknown,Unknown
"bable, when the facts hereafter detailed are",the,Unknown,Unknown
conformable to the facts generally known concerning,the,Unknown,Unknown
From the different facts that have been,the,Unknown,Unknown
of the different facts that have been,the,Unknown,Unknown
"poured. The foregoing facts being considered, it",the,Unknown,Unknown
"proper, that the facts thus ascertained concerning",the,Unknown,Unknown
only state the facts resulting'from experiments made,the,Unknown,Unknown
considering the general facts which have been,the,Unknown,Unknown
"proved, by the facts which haye been",the,Unknown,Unknown
reduced the principal facts of this Paper,the,Unknown,Unknown
to elucidate the facts he intends to,the,rstl_1804_0010.txt,txt_rstl
on the curious facts they present to,the,Unknown,Unknown
knowledge of the facts which have been,the,Unknown,Unknown
strong hairs. The facts now produced are,the,rstl_1804_0008.txt,txt_rstl
statement of the facts which appear to,the,Unknown,Unknown
consider the above facts as almost positively,the,Unknown,Unknown
"suspect, from the facts which have been",the,Unknown,Unknown
"unfounded, as the facts I shall proceed",the,rstl_1805_0019.txt,txt_rstl
Paper;* which the facts (though quite correctly,the,rstl_1805_0019.txt,txt_rstl
the accumulation of facts resulting from the,the,rstl_1805_0014.txt,txt_rstl
arise from the facts observed during the:inquiry,the,Unknown,Unknown
their consideration. The facts contained in this,the,Unknown,Unknown
all the. known facts of the circulation,the,rstl_1805_0001.txt,txt_rstl
"opponents, although the facts were admitted. 14",the,rstl_1806_0004.txt,txt_rstl
disease. From the facts which have been,the,Unknown,Unknown
the alburnum. Several facts stated by HaLes,the,rstl_1806_0016.txt,txt_rstl
inconsistent with the facts stated by my,the,rstl_1806_0016.txt,txt_rstl
"branches. The preceding facts are, I think,",the,rstl_1806_0016.txt,txt_rstl
incompatible with the facts stated by HaLes,the,rstl_1806_0016.txt,txt_rstl
own size. These facts prove that the,the,Unknown,Unknown
"performed, whilst the facts which have been",the,Unknown,Unknown
arises from the facts that few of,the,rstl_1806_0006.txt,txt_rstl
supported by the facts which have been,the,rstl_1806_0005.txt,txt_rstl
the series of facts and observations which,the,Unknown,Unknown
the alburnum. These facts are therefore extremely,the,rstl_1807_0006.txt,txt_rstl
"as the preceding facts seem to! indicate,",the,rstl_1807_0006.txt,txt_rstl
different. From the facts and observations which,the,rstl_1807_0005.txt,txt_rstl
structure. The above facts appear to throw,the,rstl_1807_0005.txt,txt_rstl
; all the facts prove that the,the,rstl_1807_0001.txt,txt_rstl
expression of the facts that have been,the,rstl_1807_0001.txt,txt_rstl
"removed, all the facts on the subject",the,rstl_1807_0001.txt,txt_rstl
": and the facts mentioned, page 25,",the,rstl_1807_0001.txt,txt_rstl
"the other analogous facts in this page,",the,rstl_1807_0001.txt,txt_rstl
"the fore- going Facts and Principles, and",the,rstl_1807_0001.txt,txt_rstl
but the new facts immediately proved that,the,rstl_1807_0001.txt,txt_rstl
of the general facts and principles to,the,rstl_1807_0001.txt,txt_rstl
and died.* The facts shew that the,the,rstl_1807_0001.txt,txt_rstl
concealed any new facts from the scientific,the,Unknown,Unknown
"text, The only facts which I am",the,Unknown,Unknown
applied to the facts of the metallization,the,Unknown,Unknown
"them. The general facts of the combustion,",the,Unknown,Unknown
"subject, still the facts that have been",the,Unknown,Unknown
* Since the facts in this Paper,the,Unknown,Unknown
nor when the facts that haye been,the,Unknown,Unknown
"com- mon chemical facts ; the last,",the,Unknown,Unknown
"be established, the facts belonging to ammouium",the,Unknown,Unknown
"en- quiry, the facts however will, I",the,Unknown,Unknown
inconsistent with the facts that I have,the,rstl_1808_0021.txt,txt_rstl
drawn from the facts related in this,the,Unknown,Unknown
the most important facts I am acquainted-,the,Unknown,Unknown
whether' the curious facts so profusely exhibited,the,Unknown,Unknown
better understand the facts T am proceeding,the,Unknown,Unknown
"deration of these facts are, That the",the,Unknown,Unknown
"Paper, the following facts appear to have",the,rstl_1808_0012.txt,txt_rstl
"to adduce such facts as, in the",the,rstl_1808_0007.txt,txt_rstl
as all the facts that I had,the,Unknown,Unknown
results of the facts and observations related,the,Unknown,Unknown
added to the facts contained in his,the,Unknown,Unknown
"which the different facts have been. ascertained,",the,rstl_1808_0003.txt,txt_rstl
"Brop1s, the following facts have been ascertained.",the,rstl_1808_0003.txt,txt_rstl
that in these facts there is the,the,Unknown,Unknown
confirms the other facts of the strength,the,Unknown,Unknown
From the same facts it may be,the,Unknown,Unknown
and though the facts cannot be easily,the,Unknown,Unknown
forded by the facts adduced is not,the,rstl_1809_0025.txt,txt_rstl
sufficient number of facts to-point out the,the,rstl_1809_0011.txt,txt_rstl
the prin- cipal facts relating to chemistry,the,rstl_1809_0008.txt,txt_rstl
sufficient number of facts relating to the,the,rstl_1809_0008.txt,txt_rstl
"account of the facts I have ascertained,",the,rstl_1809_0007.txt,txt_rstl
98. + These facts and the other,the,Unknown,Unknown
and the other facts of the same,the,Unknown,Unknown
hygrometrical tests. The facts advanced in this,the,Unknown,Unknown
